node_name,x_node_name,tag1,tag2,sched,x_sched,pinning,x_pinning,max_little,max_big,n_little,n_big,strat,sck_v_mean,sck_v_min,sck_v_max,sck_v_std,sck_i_mean,sck_i_min,sck_i_max,sck_i_std,sck_w_mean,sck_w_min,sck_w_max,sck_w_minus,sck_w_plus,sck_w_std,sck_w_idle,sck_j_first,sck_j_last,sck_j_total,rapl_w_mean,rapl_w_min,rapl_w_max,rapl_w_std,rapl_w_idle,thr_mean,thr_min,thr_max,thr_minus,thr_plus,thr_error,thr_std,sck_ene_per_fra,rapl_ene_per_fra
m1u,2,2CATAC_packed_full,m1u_2CATAC_full,2CATAC,1,packed,3,4,16,4,8,full,0.0,0.0,0.0,0.0,0.0,0.0,0.0,0.0,45.95,45.8,46.1,0.15000000000000568,0.14999999999999858,0.21213203435596728,14.75,0,0,0,0,0,0,0,0,55.811699999999995,55.462,55.905,0.34969999999999146,0.09330000000000638,0.44299999999999784,0.14069908789090724,0.011717263584517228,0.0
m1u,2,2CATAC_packed_half,m1u_2CATAC_half,2CATAC,1,packed,3,2,8,1,8,half,0.0,0.0,0.0,0.0,0.0,0.0,0.0,0.0,45.05,44.9,45.2,0.14999999999999858,0.15000000000000568,0.21213203435596728,14.75,0,0,0,0,0,0,0,0,51.6595,49.727,52.824,1.9325000000000045,1.1644999999999968,3.0970000000000013,1.0470239570643396,0.012411107347148152,0.0
m1u,2,FERTAC_packed_full,m1u_FERTAC_full,FERTAC,2,packed,3,4,16,4,9,full,0.0,0.0,0.0,0.0,0.0,0.0,0.0,0.0,45.699999999999996,45.5,45.8,0.19999999999999574,0.10000000000000142,0.1732050807568861,14.75,0,0,0,0,0,0,0,0,55.662099999999995,55.59,55.686,0.07209999999999184,0.023900000000004695,0.09599999999999653,0.027460881267722382,0.011684834025306269,0.0
m1u,2,FERTAC_packed_half,m1u_FERTAC_half,FERTAC,2,packed,3,2,8,2,8,half,0.0,0.0,0.0,0.0,0.0,0.0,0.0,0.0,39.85,39.7,40.0,0.14999999999999858,0.14999999999999858,0.21213203435596226,14.75,0,0,0,0,0,0,0,0,42.0271,42.013,42.054,0.014099999999999113,0.02690000000000481,0.04100000000000392,0.015652120907049875,0.01349474981619003,0.0
m1u,2,HeRAD_packed_full,m1u_HeRAD_full,HeRAD,3,packed,3,4,16,4,8,full,0.0,0.0,0.0,0.0,0.0,0.0,0.0,0.0,45.2,44.9,45.5,0.30000000000000426,0.29999999999999716,0.3000000000000007,14.75,0,0,0,0,0,0,0,0,55.866499999999995,55.676,55.923,0.190499999999993,0.05650000000000688,0.2469999999999999,0.07808577904387498,0.011514707382778589,0.0
m1u,2,HeRAD_packed_half,m1u_HeRAD_half,HeRAD,3,packed,3,2,8,1,8,half,0.0,0.0,0.0,0.0,0.0,0.0,0.0,0.0,45.2,44.6,45.8,0.6000000000000014,0.5999999999999943,0.4743416490252558,14.75,0,0,0,0,0,0,0,0,52.6758,50.05,53.767,2.6258000000000052,1.0912000000000006,3.717000000000006,1.0978153862203905,0.012212180925586324,0.0
m1u,2,OTAC_big_packed_full,m1u_OTAC_big_full,OTAC_big,4,packed,3,4,16,0,10,full,0.0,0.0,0.0,0.0,0.0,0.0,0.0,0.0,49.3,49.1,49.5,0.19999999999999574,0.20000000000000284,0.282842712474618,14.75,0,0,0,0,0,0,0,0,55.8938,55.608,55.946,0.28580000000000183,0.052199999999999136,0.33800000000000097,0.1014109351982221,0.01255304881757905,0.0
m1u,2,OTAC_big_packed_half,m1u_OTAC_big_half,OTAC_big,4,packed,3,2,8,0,8,half,0.0,0.0,0.0,0.0,0.0,0.0,0.0,0.0,40.9,40.6,41.2,0.29999999999999716,0.30000000000000426,0.3000000000000007,14.75,0,0,0,0,0,0,0,0,41.8668,38.413,42.95,3.453800000000001,1.083200000000005,4.537000000000006,1.2792289170520752,0.01390335062627189,0.0
m1u,2,OTAC_little_packed_full,m1u_OTAC_little_full,OTAC_little,5,packed,3,4,16,4,0,full,0.0,0.0,0.0,0.0,0.0,0.0,0.0,0.0,17.85,17.7,18.0,0.15000000000000213,0.14999999999999858,0.21213203435596475,14.75,0,0,0,0,0,0,0,0,8.660800000000002,8.597,8.7,0.0638000000000023,0.03919999999999746,0.10299999999999976,0.027820056713737284,0.029332301865878437,0.0
m1u,2,OTAC_little_packed_half,m1u_OTAC_little_half,OTAC_little,5,packed,3,2,8,2,0,half,0.0,0.0,0.0,0.0,0.0,0.0,0.0,0.0,16.65,16.5,16.8,0.14999999999999858,0.15000000000000213,0.21213203435596475,14.75,0,0,0,0,0,0,0,0,4.9766,4.976,4.977,0.000600000000000378,0.00039999999999995595,0.001000000000000334,0.0005163977794944947,0.04761540007233854,0.0
m1u,2,2CATAC_loose_full,m1u_2CATAC_full,2CATAC,1,loose,1,4,16,4,8,full,0,0,0,0,0,0,0,0,0,0,0,0,0,0,14.75,0,0,0,0,0,0,0,0,55.234399999999994,54.606,55.69,0.6283999999999921,0.455600000000004,1.083999999999996,0.3145569017593538,0.0,0.0
m1u,2,2CATAC_loose_half,m1u_2CATAC_half,2CATAC,1,loose,1,2,8,1,8,half,0,0,0,0,0,0,0,0,0,0,0,0,0,0,14.75,0,0,0,0,0,0,0,0,48.154,47.533,49.034,0.6210000000000022,0.8799999999999955,1.5009999999999977,0.535254456621646,0.0,0.0
m1u,2,FERTAC_loose_full,m1u_FERTAC_full,FERTAC,2,loose,1,4,16,4,9,full,0,0,0,0,0,0,0,0,0,0,0,0,0,0,14.75,0,0,0,0,0,0,0,0,55.083299999999994,54.451,55.638,0.6322999999999936,0.554700000000004,1.1869999999999976,0.36674061375552247,0.0,0.0
m1u,2,FERTAC_loose_half,m1u_FERTAC_half,FERTAC,2,loose,1,2,8,2,8,half,0,0,0,0,0,0,0,0,0,0,0,0,0,0,14.75,0,0,0,0,0,0,0,0,42.7189,42.476,42.943,0.24289999999999878,0.22409999999999997,0.46699999999999875,0.20190836755540634,0.0,0.0
m1u,2,HeRAD_loose_full,m1u_HeRAD_full,HeRAD,3,loose,1,4,16,4,8,full,0,0,0,0,0,0,0,0,0,0,0,0,0,0,14.75,0,0,0,0,0,0,0,0,55.07860000000001,54.019,55.67,1.0596000000000103,0.591399999999993,1.6510000000000034,0.510239203163031,0.0,0.0
m1u,2,HeRAD_loose_half,m1u_HeRAD_half,HeRAD,3,loose,1,2,8,1,8,half,0,0,0,0,0,0,0,0,0,0,0,0,0,0,14.75,0,0,0,0,0,0,0,0,47.707499999999996,46.566,48.27,1.1414999999999935,0.5625000000000071,1.7040000000000006,0.4699752357542069,0.0,0.0
m1u,2,OTAC_big_loose_full,m1u_OTAC_big_full,OTAC_big,4,loose,1,4,16,0,10,full,0,0,0,0,0,0,0,0,0,0,0,0,0,0,14.75,0,0,0,0,0,0,0,0,55.448800000000006,54.664,56.128,0.7848000000000042,0.6791999999999945,1.4639999999999986,0.49012102813715397,0.0,0.0
m1u,2,OTAC_big_loose_half,m1u_OTAC_big_half,OTAC_big,4,loose,1,2,8,0,8,half,0,0,0,0,0,0,0,0,0,0,0,0,0,0,14.75,0,0,0,0,0,0,0,0,38.6636,37.036,39.497,1.627600000000001,0.8333999999999975,2.4609999999999985,0.7686139328543153,0.0,0.0
m1u,2,OTAC_little_loose_full,m1u_OTAC_little_full,OTAC_little,5,loose,1,4,16,4,0,full,0,0,0,0,0,0,0,0,0,0,0,0,0,0,14.75,0,0,0,0,0,0,0,0,19.512499999999996,19.183,19.744,0.3294999999999959,0.23150000000000404,0.5609999999999999,0.19220374028040588,0.0,0.0
m1u,2,OTAC_little_loose_half,m1u_OTAC_little_half,OTAC_little,5,loose,1,2,8,2,0,half,0,0,0,0,0,0,0,0,0,0,0,0,0,0,14.75,0,0,0,0,0,0,0,0,11.6298,11.542,11.663,0.08779999999999966,0.033200000000000784,0.12100000000000044,0.036590223345102,0.0,0.0
m1u,2,2CATAC_distant_full,m1u_2CATAC_full,2CATAC,1,distant,4,4,16,4,8,full,0.0,0.0,0.0,0.0,0.0,0.0,0.0,0.0,46.55,46.1,47.0,0.44999999999999574,0.45000000000000284,0.3872983346207417,14.75,0,0,0,0,0,0,0,0,55.643499999999996,55.458,55.688,0.18549999999999756,0.04450000000000642,0.23000000000000398,0.07271137768220624,0.01190614537187632,0.0
m1u,2,2CATAC_distant_half,m1u_2CATAC_half,2CATAC,1,distant,4,2,8,1,8,half,0.0,0.0,0.0,0.0,0.0,0.0,0.0,0.0,45.2,44.6,45.8,0.6000000000000014,0.5999999999999943,0.4743416490252558,14.75,0,0,0,0,0,0,0,0,50.89169999999999,48.38,52.883,2.5116999999999905,1.9913000000000096,4.503,1.5242570539993132,0.012640300874209354,0.0
m1u,2,FERTAC_distant_full,m1u_FERTAC_full,FERTAC,2,distant,4,4,16,4,9,full,0.0,0.0,0.0,0.0,0.0,0.0,0.0,0.0,45.95,45.8,46.1,0.15000000000000568,0.14999999999999858,0.21213203435596728,14.75,0,0,0,0,0,0,0,0,55.54740000000002,55.286,55.59,0.26140000000001606,0.04259999999998598,0.30400000000000205,0.09216796261897794,0.011773015478672266,0.0
m1u,2,FERTAC_distant_half,m1u_FERTAC_half,FERTAC,2,distant,4,2,8,2,8,half,0.0,0.0,0.0,0.0,0.0,0.0,0.0,0.0,40.15,40.0,40.3,0.14999999999999858,0.14999999999999858,0.21213203435596226,14.75,0,0,0,0,0,0,0,0,41.4202,41.407,41.434,0.013200000000004763,0.01379999999999626,0.027000000000001023,0.008390470785361944,0.013795558688755725,0.0
m1u,2,HeRAD_distant_full,m1u_HeRAD_full,HeRAD,3,distant,4,4,16,4,8,full,0.0,0.0,0.0,0.0,0.0,0.0,0.0,0.0,45.32,44.6,46.1,0.7199999999999989,0.7800000000000011,0.6220932405998312,14.75,0,0,0,0,0,0,0,0,55.6278,55.463,55.678,0.1647999999999996,0.05019999999999669,0.2149999999999963,0.06706017198506503,0.011594818418129068,0.0
m1u,2,HeRAD_distant_half,m1u_HeRAD_half,HeRAD,3,distant,4,2,8,1,8,half,0.0,0.0,0.0,0.0,0.0,0.0,0.0,0.0,43.9,41.5,45.8,2.3999999999999986,1.8999999999999986,1.6309506430300085,14.75,0,0,0,0,0,0,0,0,51.1576,49.874,52.554,1.2835999999999999,1.3963999999999999,2.6799999999999997,0.9063378325253048,0.01221294196756689,0.0
m1u,2,OTAC_big_distant_full,m1u_OTAC_big_full,OTAC_big,4,distant,4,4,16,0,10,full,0.0,0.0,0.0,0.0,0.0,0.0,0.0,0.0,49.46666666666667,49.1,49.8,0.36666666666666714,0.3333333333333286,0.35118845842842256,14.75,0,0,0,0,0,0,0,0,55.535399999999996,54.728,55.665,0.8073999999999941,0.1296000000000035,0.9369999999999976,0.2841053012920069,0.012676771932857241,0.0
m1u,2,OTAC_big_distant_half,m1u_OTAC_big_half,OTAC_big,4,distant,4,2,8,0,8,half,0.0,0.0,0.0,0.0,0.0,0.0,0.0,0.0,40.9,40.6,41.2,0.29999999999999716,0.30000000000000426,0.3000000000000007,14.75,0,0,0,0,0,0,0,0,42.5386,40.922,43.141,1.6166000000000054,0.6023999999999958,2.219000000000001,0.6737052108386217,0.01368377896780806,0.0
m1u,2,OTAC_little_distant_full,m1u_OTAC_little_full,OTAC_little,5,distant,4,4,16,4,0,full,0.0,0.0,0.0,0.0,0.0,0.0,0.0,0.0,17.7,17.7,17.7,0.0,0.0,0.0,14.75,0,0,0,0,0,0,0,0,8.6618,8.614,8.7,0.04779999999999873,0.03819999999999979,0.08599999999999852,0.029843294426423445,0.02908245399339629,0.0
m1u,2,OTAC_little_distant_half,m1u_OTAC_little_half,OTAC_little,5,distant,4,2,8,2,0,half,0.0,0.0,0.0,0.0,0.0,0.0,0.0,0.0,16.65,16.5,16.8,0.14999999999999858,0.15000000000000213,0.21213203435596475,14.75,0,0,0,0,0,0,0,0,4.9706,4.97,4.972,0.000600000000000378,0.00140000000000029,0.002000000000000668,0.0006992058987803345,0.047672876513901744,0.0
m1u,2,2CATAC_guided_full,m1u_2CATAC_full,2CATAC,1,guided,2,4,16,4,8,full,0.0,0.0,0.0,0.0,0.0,0.0,0.0,0.0,46.6,45.2,47.9,1.3999999999999986,1.2999999999999972,1.10090871556183,14.75,0,0,0,0,0,0,0,0,55.513400000000004,54.833,56.153,0.6804000000000059,0.6395999999999944,1.3200000000000003,0.49492046499075665,0.01194686688259051,0.0
m1u,2,2CATAC_guided_half,m1u_2CATAC_half,2CATAC,1,guided,2,2,8,1,8,half,0.0,0.0,0.0,0.0,0.0,0.0,0.0,0.0,45.4,44.9,45.8,0.5,0.3999999999999986,0.45825756949558355,14.75,0,0,0,0,0,0,0,0,48.01089999999999,47.26,48.835,0.7508999999999943,0.8241000000000085,1.5750000000000028,0.5211206833994091,0.013458043902530468,0.0
m1u,2,FERTAC_guided_full,m1u_FERTAC_full,FERTAC,2,guided,2,4,16,4,9,full,0.0,0.0,0.0,0.0,0.0,0.0,0.0,0.0,47.78,47.0,48.5,0.7800000000000011,0.7199999999999989,0.6220932405998326,14.75,0,0,0,0,0,0,0,0,55.2038,54.684,55.693,0.5198000000000036,0.48919999999999675,1.0090000000000003,0.27425973091214106,0.012318082450845777,0.0
m1u,2,FERTAC_guided_half,m1u_FERTAC_half,FERTAC,2,guided,2,2,8,2,8,half,0.0,0.0,0.0,0.0,0.0,0.0,0.0,0.0,41.92,41.5,42.4,0.4200000000000017,0.4799999999999969,0.3420526275297416,14.75,0,0,0,0,0,0,0,0,42.81,42.562,42.983,0.24800000000000466,0.1729999999999947,0.4209999999999994,0.1596990224696993,0.013936123335669235,0.0
m1u,2,HeRAD_guided_full,m1u_HeRAD_full,HeRAD,3,guided,2,4,16,4,8,full,0.0,0.0,0.0,0.0,0.0,0.0,0.0,0.0,46.9,46.1,47.9,0.7999999999999972,1.0,0.648074069840785,14.75,0,0,0,0,0,0,0,0,55.5312,54.951,56.089,0.5801999999999978,0.5578000000000003,1.1379999999999981,0.40191922903323046,0.01201992393465295,0.0
m1u,2,HeRAD_guided_half,m1u_HeRAD_half,HeRAD,3,guided,2,2,8,1,8,half,0.0,0.0,0.0,0.0,0.0,0.0,0.0,0.0,45.0375,44.3,45.8,0.7375000000000043,0.7624999999999957,0.4867897756879103,14.75,0,0,0,0,0,0,0,0,47.69199999999999,46.858,48.655,0.8339999999999961,0.9630000000000081,1.7970000000000041,0.47307856993668007,0.013439857837792503,0.0
m1u,2,OTAC_big_guided_full,m1u_OTAC_big_full,OTAC_big,4,guided,2,4,16,0,10,full,0.0,0.0,0.0,0.0,0.0,0.0,0.0,0.0,50.85,50.4,51.3,0.45000000000000284,0.44999999999999574,0.38729833462074076,14.75,0,0,0,0,0,0,0,0,42.4226,40.291,43.441,2.131600000000006,1.0183999999999997,3.1500000000000057,0.9948968902465347,0.017059237293329498,0.0
m1u,2,OTAC_big_guided_half,m1u_OTAC_big_half,OTAC_big,4,guided,2,2,8,0,8,half,0.0,0.0,0.0,0.0,0.0,0.0,0.0,0.0,40.45,39.7,41.2,0.75,0.75,0.5612486080160912,14.75,0,0,0,0,0,0,0,0,38.8455,38.608,39.496,0.23750000000000426,0.650500000000001,0.8880000000000052,0.3406008579619918,0.014819847858825348,0.0
m1u,2,OTAC_little_guided_full,m1u_OTAC_little_full,OTAC_little,5,guided,2,4,16,4,0,full,0.0,0.0,0.0,0.0,0.0,0.0,0.0,0.0,17.85,17.7,18.0,0.15000000000000213,0.14999999999999858,0.21213203435596475,14.75,0,0,0,0,0,0,0,0,8.669699999999999,8.612,8.7,0.05769999999999875,0.030300000000000438,0.08799999999999919,0.025399256332070314,0.029302190387210637,0.0
m1u,2,OTAC_little_guided_half,m1u_OTAC_little_half,OTAC_little,5,guided,2,2,8,2,0,half,0.0,0.0,0.0,0.0,0.0,0.0,0.0,0.0,16.950000000000003,16.8,17.1,0.15000000000000213,0.14999999999999858,0.21213203435596475,14.75,0,0,0,0,0,0,0,0,4.971500000000001,4.969,4.977,0.002500000000000391,0.005499999999999616,0.008000000000000007,0.0022236106773545323,0.04852306145026652,0.0
m1u,2,OS_R1_os_unknown,m1u_OS_R1_unknown,OS_R1,6,os,5,0,0,0,0,unknown,0.0,0.0,0.0,0.0,0.0,0.0,0.0,0.0,27.975,25.9,29.6,2.075000000000003,1.625,0.9280106161589445,14.75,0,0,0,0,0,0,0,0,19.951,18.544,21.216,1.407,1.2650000000000006,2.6720000000000006,0.7429732738896373,0.01995590195980151,0.0
m1u,2,OS_R2_os_unknown,m1u_OS_R2_unknown,OS_R2,7,os,5,0,0,0,0,unknown,0.0,0.0,0.0,0.0,0.0,0.0,0.0,0.0,37.8972972972973,36.0,40.9,1.8972972972972997,3.002702702702699,1.0111837085774729,14.75,0,0,0,0,0,0,0,0,16.14346666666667,15.828,16.442,0.3154666666666692,0.29853333333333154,0.6140000000000008,0.170777159173111,0.03341006899396671,0.0
m1u,2,OS_R3_os_unknown,m1u_OS_R3_unknown,OS_R3,8,os,5,0,0,0,0,unknown,0.0,0.0,0.0,0.0,0.0,0.0,0.0,0.0,48.944736842105264,46.7,51.6,2.2447368421052616,2.655263157894737,1.2594931130614477,14.75,0,0,0,0,0,0,0,0,16.03673333333333,15.839,16.264,0.1977333333333302,0.22726666666666873,0.42499999999999893,0.12487677735996208,0.04343662018055478,0.0
m1u,2,OS_R4_os_unknown,m1u_OS_R4_unknown,OS_R4,9,os,5,0,0,0,0,unknown,0.0,0.0,0.0,0.0,0.0,0.0,0.0,0.0,53.086363636363636,52.5,54.3,0.586363636363636,1.2136363636363612,0.511110326870595,14.75,0,0,0,0,0,0,0,0,13.986466666666669,13.972,13.999,0.01446666666666907,0.012533333333331953,0.027000000000001023,0.00708989891794423,0.054018298207748,0.0
m1u,2,OS_R5_os_unknown,m1u_OS_R5_unknown,OS_R5,10,os,5,0,0,0,0,unknown,0.0,0.0,0.0,0.0,0.0,0.0,0.0,0.0,50.97857142857143,50.7,51.3,0.2785714285714249,0.3214285714285694,0.2486225790494211,14.75,0,0,0,0,0,0,0,0,11.185133333333335,11.168,11.197,0.017133333333335443,0.011866666666664472,0.028999999999999915,0.007670599405398096,0.06486529994320692,0.0
m1u,2,OS_R6_os_unknown,m1u_OS_R6_unknown,OS_R6,11,os,5,0,0,0,0,unknown,0.0,0.0,0.0,0.0,0.0,0.0,0.0,0.0,51.423529411764704,51.0,51.9,0.4235294117647044,0.4764705882352942,0.31923622085515685,14.75,0,0,0,0,0,0,0,0,9.310066666666668,9.302,9.319,0.008066666666667999,0.008933333333333238,0.017000000000001236,0.005119523787377692,0.07860949838399672,0.0
m1u,2,OS_R1_lavd_unknown,m1u_OS_R1_unknown,OS_R1,6,lavd,6,0,0,0,0,unknown,0,0,0,0,0,0,0,0,0,0,0,0,0,0,14.75,0,0,0,0,0,0,0,0,0.0,100000,0,-100000.0,0.0,-100000,0,nan,nan
m1u,2,OS_R2_lavd_unknown,m1u_OS_R2_unknown,OS_R2,7,lavd,6,0,0,0,0,unknown,0,0,0,0,0,0,0,0,0,0,0,0,0,0,14.75,0,0,0,0,0,0,0,0,0.0,100000,0,-100000.0,0.0,-100000,0,nan,nan
m1u,2,OS_R3_lavd_unknown,m1u_OS_R3_unknown,OS_R3,8,lavd,6,0,0,0,0,unknown,0,0,0,0,0,0,0,0,0,0,0,0,0,0,14.75,0,0,0,0,0,0,0,0,0.0,100000,0,-100000.0,0.0,-100000,0,nan,nan
m1u,2,OS_R4_lavd_unknown,m1u_OS_R4_unknown,OS_R4,9,lavd,6,0,0,0,0,unknown,0,0,0,0,0,0,0,0,0,0,0,0,0,0,14.75,0,0,0,0,0,0,0,0,0.0,100000,0,-100000.0,0.0,-100000,0,nan,nan
m1u,2,OS_R5_lavd_unknown,m1u_OS_R5_unknown,OS_R5,10,lavd,6,0,0,0,0,unknown,0,0,0,0,0,0,0,0,0,0,0,0,0,0,14.75,0,0,0,0,0,0,0,0,0.0,100000,0,-100000.0,0.0,-100000,0,nan,nan
m1u,2,OS_R6_lavd_unknown,m1u_OS_R6_unknown,OS_R6,11,lavd,6,0,0,0,0,unknown,0,0,0,0,0,0,0,0,0,0,0,0,0,0,14.75,0,0,0,0,0,0,0,0,0.0,100000,0,-100000.0,0.0,-100000,0,nan,nan
m1u,2,OS_R1_bpfland_unknown,m1u_OS_R1_unknown,OS_R1,6,bpfland,7,0,0,0,0,unknown,0,0,0,0,0,0,0,0,0,0,0,0,0,0,14.75,0,0,0,0,0,0,0,0,0.0,100000,0,-100000.0,0.0,-100000,0,nan,nan
m1u,2,OS_R2_bpfland_unknown,m1u_OS_R2_unknown,OS_R2,7,bpfland,7,0,0,0,0,unknown,0,0,0,0,0,0,0,0,0,0,0,0,0,0,14.75,0,0,0,0,0,0,0,0,0.0,100000,0,-100000.0,0.0,-100000,0,nan,nan
m1u,2,OS_R3_bpfland_unknown,m1u_OS_R3_unknown,OS_R3,8,bpfland,7,0,0,0,0,unknown,0,0,0,0,0,0,0,0,0,0,0,0,0,0,14.75,0,0,0,0,0,0,0,0,0.0,100000,0,-100000.0,0.0,-100000,0,nan,nan
m1u,2,OS_R4_bpfland_unknown,m1u_OS_R4_unknown,OS_R4,9,bpfland,7,0,0,0,0,unknown,0,0,0,0,0,0,0,0,0,0,0,0,0,0,14.75,0,0,0,0,0,0,0,0,0.0,100000,0,-100000.0,0.0,-100000,0,nan,nan
m1u,2,OS_R5_bpfland_unknown,m1u_OS_R5_unknown,OS_R5,10,bpfland,7,0,0,0,0,unknown,0,0,0,0,0,0,0,0,0,0,0,0,0,0,14.75,0,0,0,0,0,0,0,0,0.0,100000,0,-100000.0,0.0,-100000,0,nan,nan
m1u,2,OS_R6_bpfland_unknown,m1u_OS_R6_unknown,OS_R6,11,bpfland,7,0,0,0,0,unknown,0,0,0,0,0,0,0,0,0,0,0,0,0,0,14.75,0,0,0,0,0,0,0,0,0.0,100000,0,-100000.0,0.0,-100000,0,nan,nan
opi5,1,2CATAC_packed_half,opi5_2CATAC_half,2CATAC,1,packed,3,2,2,2,2,half,4.928960148434979,4.887,15.21,0.16830957337591346,1.4075825185543724,1.04,1.6934,0.12017547827322564,6.93649594375605,5.176080000000001,23.032503000000002,1.7604159437560494,16.096007056243952,0.6260041071725672,2.8267257144133295,0.012,inf,inf,0,0,0,0,0,8.2035,8.181,8.238,0.022500000000000853,0.03449999999999953,0.057000000000000384,0.01718041520646896,0.012033913606574768,0.0
opi5,1,2CATAC_packed_full,opi5_2CATAC_full,2CATAC,1,packed,3,4,4,4,4,full,4.895572385150025,4.821,23.07,0.4290772412309527,2.070735175453467,0.7372,2.4712,0.17728964159356836,10.134941422614002,3.6941091999999998,54.502874999999996,6.440832222614002,44.367933577386,1.2510552085315996,2.8267257144133295,0.014,inf,inf,0,0,0,0,0,14.6384,14.448,14.909,0.19040000000000035,0.27059999999999995,0.4610000000000003,0.17157712875296374,0.009853569128227298,0.0
opi5,1,FERTAC_packed_half,opi5_FERTAC_half,FERTAC,2,packed,3,2,2,2,2,half,4.9322984652973965,4.879,14.787,0.1620353929327024,1.3725040085515767,1.0591,1.6695,0.10575825225457011,6.768564730571887,5.2340722,22.854787200000004,1.534492530571887,16.086222469428115,0.5593498803938725,2.8267257144133295,0.011,inf,inf,0,0,0,0,0,7.6019000000000005,7.561,7.651,0.0409000000000006,0.049099999999999255,0.08999999999999986,0.027509392335467245,0.012671860093594901,0.0
opi5,1,FERTAC_packed_full,opi5_FERTAC_full,FERTAC,2,packed,3,4,4,4,4,full,4.920289224206035,4.845,17.947,0.26911667828872676,1.5884511771211882,1.171,2.1013,0.13085907322651663,7.815153302409543,5.787082000000001,32.9829966,2.0280713024095425,25.16784329759046,0.7954129791708154,2.8267257144133295,0.012,inf,inf,0,0,0,0,0,10.4924,10.481,10.508,0.011400000000000077,0.01559999999999917,0.026999999999999247,0.009240009620004352,0.010600554858744674,0.0
opi5,1,HeRAD_packed_half,opi5_HeRAD_half,HeRAD,3,packed,3,2,2,2,2,half,4.927577644985827,4.883,14.542,0.18038510973650132,1.4269910288822494,0.9847,1.8049,0.1130870550621902,7.030382193625987,4.8969131,21.6544922,2.133469093625987,14.624110006374014,0.6017180199566688,2.8267257144133295,0.038,inf,inf,0,0,0,0,0,8.1726,8.154,8.184,0.018599999999999284,0.011400000000000077,0.02999999999999936,0.011852800887928495,0.012242909157389943,0.0
opi5,1,HeRAD_packed_full,opi5_HeRAD_full,HeRAD,3,packed,3,4,4,4,4,full,4.883835229532978,4.796,22.45,0.32929692233875035,2.1566949956241546,0.7417,2.6289,0.22126785918261715,10.529103954857188,3.7062749,51.267837500000006,6.822829054857188,40.73873354514282,1.2695007659262927,2.8267257144133295,0.068,inf,inf,0,0,0,0,0,15.2821,14.962,15.709,0.32010000000000005,0.42689999999999984,0.7469999999999999,0.2385616389018895,0.009805603122969193,0.0
opi5,1,OTAC_big_packed_half,opi5_OTAC_big_half,OTAC_big,4,packed,3,2,2,0,2,half,4.946041952983725,4.876,13.518,0.18823346426934387,1.1717793273056059,0.7256,1.5863,0.1853963656161092,5.792625044607595,3.5869632,18.712967400000004,2.205661844607595,12.920342355392409,0.9310066036755325,2.8267257144133295,0.009,inf,inf,0,0,0,0,0,5.388,5.368,5.399,0.019999999999999574,0.01100000000000012,0.030999999999999694,0.009392668535736856,0.015300786866157257,0.0
opi5,1,OTAC_big_packed_full,opi5_OTAC_big_full,OTAC_big,4,packed,3,4,4,0,4,full,4.917946067764999,4.84,19.416,0.2470161874410934,1.5991536524712464,0.9603,2.246,0.1362339331906787,7.863310317376437,4.794777900000001,38.6028912,3.068532417376437,30.739580882623564,0.7775535571975039,2.8267257144133295,0.012,inf,inf,0,0,0,0,0,9.449700000000002,9.408,9.482,0.04170000000000229,0.03229999999999755,0.07399999999999984,0.021312750487286515,0.011842770927849713,0.0
opi5,1,OTAC_little_packed_half,opi5_OTAC_little_half,OTAC_little,5,packed,3,2,2,2,0,half,4.967394648153141,4.923,8.754,0.07571531051498818,0.7894148557562686,0.4888,1.0839,0.09884024781870787,3.9203789088568346,2.4425336,7.8470856,1.4778453088568346,3.926706691143165,0.48747777430972866,2.8267257144133295,0.006,inf,inf,0,0,0,0,0,2.0776,2.055,2.1,0.02259999999999973,0.022400000000000198,0.04499999999999993,0.015952707885775696,0.02685542579459495,0.0
opi5,1,OTAC_little_packed_full,opi5_OTAC_little_full,OTAC_little,5,packed,3,4,4,4,0,full,4.959713991345559,-0.0,10.529,0.10078106599360952,0.9193630263067518,0.5561,1.1849,0.11142967826717681,4.5587863230235595,-0.0,11.3523678,4.5587863230235595,6.79358147697644,0.5548317507915278,2.8267257144133295,0.008,inf,inf,0,0,0,0,0,3.7054,3.658,3.721,0.04740000000000011,0.015600000000000058,0.06300000000000017,0.01874507342684417,0.017509755208417795,0.0
opi5,1,2CATAC_loose_half,opi5_2CATAC_half,2CATAC,1,loose,1,2,2,2,2,half,0,0,0,0,0,0,0,0,0,0,0,0,0,0,2.8267257144133295,0,0,0,0,0,0,0,0,8.104800000000001,8.036,8.152,0.0688000000000013,0.047199999999998354,0.11599999999999966,0.04536714425416004,0.0,0.0
opi5,1,2CATAC_loose_full,opi5_2CATAC_full,2CATAC,1,loose,1,4,4,4,4,full,0,0,0,0,0,0,0,0,0,0,0,0,0,0,2.8267257144133295,0,0,0,0,0,0,0,0,14.3907,14.202,14.708,0.18870000000000076,0.31729999999999947,0.5060000000000002,0.14504102867809518,0.0,0.0
opi5,1,FERTAC_loose_half,opi5_FERTAC_half,FERTAC,2,loose,1,2,2,2,2,half,0,0,0,0,0,0,0,0,0,0,0,0,0,0,2.8267257144133295,0,0,0,0,0,0,0,0,7.770999999999999,7.678,7.831,0.09299999999999908,0.060000000000001386,0.15300000000000047,0.05087457343528515,0.0,0.0
opi5,1,FERTAC_loose_full,opi5_FERTAC_full,FERTAC,2,loose,1,4,4,4,4,full,0,0,0,0,0,0,0,0,0,0,0,0,0,0,2.8267257144133295,0,0,0,0,0,0,0,0,13.067400000000001,12.991,13.231,0.07640000000000136,0.16359999999999886,0.2400000000000002,0.0804103365384217,0.0,0.0
opi5,1,HeRAD_loose_half,opi5_HeRAD_half,HeRAD,3,loose,1,2,2,2,2,half,0,0,0,0,0,0,0,0,0,0,0,0,0,0,2.8267257144133295,0,0,0,0,0,0,0,0,8.067,7.992,8.132,0.07500000000000018,0.0649999999999995,0.13999999999999968,0.04566058353644728,0.0,0.0
opi5,1,HeRAD_loose_full,opi5_HeRAD_full,HeRAD,3,loose,1,4,4,4,4,full,0,0,0,0,0,0,0,0,0,0,0,0,0,0,2.8267257144133295,0,0,0,0,0,0,0,0,14.9905,14.769,15.36,0.2215000000000007,0.3694999999999986,0.5909999999999993,0.20403226868970187,0.0,0.0
opi5,1,OTAC_big_loose_half,opi5_OTAC_big_half,OTAC_big,4,loose,1,2,2,0,2,half,0,0,0,0,0,0,0,0,0,0,0,0,0,0,2.8267257144133295,0,0,0,0,0,0,0,0,5.4674,5.433,5.491,0.034399999999999764,0.023600000000000065,0.05799999999999983,0.02450940862426321,0.0,0.0
opi5,1,OTAC_big_loose_full,opi5_OTAC_big_full,OTAC_big,4,loose,1,4,4,0,4,full,0,0,0,0,0,0,0,0,0,0,0,0,0,0,2.8267257144133295,0,0,0,0,0,0,0,0,9.244699999999998,9.205,9.326,0.03969999999999807,0.08130000000000237,0.12100000000000044,0.04044213973897375,0.0,0.0
opi5,1,OTAC_little_loose_half,opi5_OTAC_little_half,OTAC_little,5,loose,1,2,2,2,0,half,0,0,0,0,0,0,0,0,0,0,0,0,0,0,2.8267257144133295,0,0,0,0,0,0,0,0,4.7554,4.723,4.784,0.032399999999999984,0.02859999999999996,0.06099999999999994,0.015189177433656833,0.0,0.0
opi5,1,OTAC_little_loose_full,opi5_OTAC_little_full,OTAC_little,5,loose,1,4,4,4,0,full,0,0,0,0,0,0,0,0,0,0,0,0,0,0,2.8267257144133295,0,0,0,0,0,0,0,0,8.109,8.04,8.167,0.06900000000000084,0.05799999999999983,0.12700000000000067,0.0424892143176753,0.0,0.0
opi5,1,2CATAC_distant_half,opi5_2CATAC_half,2CATAC,1,distant,4,2,2,2,2,half,4.927826904278517,4.883,15.843,0.19664424949971496,1.4254793292728776,1.1115,1.6863,0.0960300353010613,7.023765786938868,5.510817,25.7036832,1.5129487869388676,18.679917413061133,0.5473754269626706,2.8267257144133295,0.032,inf,inf,0,0,0,0,0,8.229999999999999,8.165,8.311,0.0649999999999995,0.0810000000000013,0.1460000000000008,0.037389838191680014,0.012146079547960386,0.0
opi5,1,2CATAC_distant_full,opi5_2CATAC_full,2CATAC,1,distant,4,4,4,4,4,full,4.888285273332792,4.817,23.083,0.3496356918105176,2.102653829908212,0.7372,2.5224,0.16203130860444293,10.276539380196573,3.7000067999999997,54.5635954,6.576532580196573,44.28705601980342,1.089032383705245,2.8267257144133295,0.018,inf,inf,0,0,0,0,0,14.569899999999999,13.845,14.895,0.7248999999999981,0.32510000000000083,1.049999999999999,0.3009043591132125,0.010038209490727982,0.0
opi5,1,FERTAC_distant_half,opi5_FERTAC_half,FERTAC,2,distant,4,2,2,2,2,half,4.929182976172636,4.871,15.666,0.13631600471483618,1.3964770268245168,0.9156,1.741,0.11247092264379503,6.8821335136145665,4.560603599999999,23.9313816,2.321529913614567,17.049248086385436,0.5701776861105281,2.8267257144133295,0.012,inf,inf,0,0,0,0,0,7.6728,7.652,7.695,0.020799999999999486,0.022200000000000664,0.04300000000000015,0.01380660067584422,0.012765421249838718,0.0
opi5,1,FERTAC_distant_full,opi5_FERTAC_full,FERTAC,2,distant,4,4,4,4,4,full,4.923869145791193,4.853,16.755,0.33542277505038653,1.6001972848918624,1.0248,2.048,0.13025880949405527,7.87723238082309,5.0809584,29.2658205,2.7962739808230896,21.38858811917691,0.8151800129762248,2.8267257144133295,0.013,inf,inf,0,0,0,0,0,10.5062,10.497,10.526,0.009199999999999875,0.01980000000000004,0.028999999999999915,0.007871185143010882,0.01067072502368832,0.0
opi5,1,HeRAD_distant_half,opi5_HeRAD_half,HeRAD,3,distant,4,2,2,2,2,half,4.925297110990628,4.879,15.226,0.1303427318737168,1.435567980791573,1.0871,1.6674,0.09280122855001374,7.069867661954922,5.381145,23.7403792,1.6887226619549223,16.670511538045076,0.4874451426017663,2.8267257144133295,0.237,inf,inf,0,0,0,0,0,8.2039,8.161,8.239,0.04290000000000127,0.03509999999999991,0.07800000000000118,0.02210806790894827,0.012264698078345961,0.0
opi5,1,HeRAD_distant_full,opi5_HeRAD_full,HeRAD,3,distant,4,4,4,4,4,full,4.886408345990887,4.817,23.077,0.41650676336379044,2.164877480214246,0.7367,2.6215,0.2085769884728827,10.57601393030618,3.6893936000000003,54.53325870000001,6.8866203303061795,43.95724476969383,1.3748743291645371,2.8267257144133295,0.016,inf,inf,0,0,0,0,0,15.366999999999999,15.13,15.688,0.23699999999999832,0.3210000000000015,0.5579999999999998,0.20372912299314372,0.009794874097489267,0.0
opi5,1,OTAC_big_distant_half,opi5_OTAC_big_half,OTAC_big,4,distant,4,2,2,0,2,half,4.944929213893967,4.882,13.478,0.11500307131594163,1.1474782157221206,0.7182,1.5296,0.14298859456661056,5.6721983145959785,3.5608356,18.6023356,2.1113627145959786,12.930137285404022,0.7046660282641405,2.8267257144133295,0.01,inf,inf,0,0,0,0,0,5.4094,5.383,5.423,0.026399999999999757,0.013600000000000279,0.040000000000000036,0.012420413304985767,0.014923415982055304,0.0
opi5,1,OTAC_big_distant_full,opi5_OTAC_big_full,OTAC_big,4,distant,4,4,4,0,4,full,4.915737037610277,4.821,21.574,0.22162611815282188,1.6058134267141309,1.0832,2.2229,0.16396988593039205,7.892396844830522,5.329344,47.66128080000001,2.563052844830522,39.768883955169485,0.8992222528901201,2.8267257144133295,0.013,inf,inf,0,0,0,0,0,9.436,9.389,9.471,0.0470000000000006,0.03500000000000014,0.08200000000000074,0.02358436393507858,0.011903835512465873,0.0
opi5,1,OTAC_little_distant_half,opi5_OTAC_little_half,OTAC_little,5,distant,4,2,2,2,0,half,4.965532128376057,4.924,9.019,0.06422359177819614,0.7928672874716515,0.4882,1.077,0.09831309661957731,3.9361016391382035,2.4395354,8.344378800000001,1.4965662391382035,4.408277160861798,0.48435953246034646,2.8267257144133295,0.018,inf,inf,0,0,0,0,0,2.0775999999999994,2.048,2.095,0.029599999999999405,0.017400000000000748,0.04700000000000015,0.01863807333867368,0.026963129826826592,0.0
opi5,1,OTAC_little_distant_full,opi5_OTAC_little_full,OTAC_little,5,distant,4,4,4,4,0,full,4.961009821804406,4.923,10.109,0.10672947703822026,0.9240833590571068,0.5607,1.1594,0.11085704505920987,4.58331544816192,2.7995751,10.464836799999999,1.7837403481619196,5.881521351838079,0.5519607012926986,2.8267257144133295,0.026,inf,inf,0,0,0,0,0,3.7137000000000002,3.707,3.721,0.006700000000000372,0.007299999999999862,0.014000000000000234,0.003917198545446062,0.01756462435259726,0.0
opi5,1,2CATAC_guided_half,opi5_2CATAC_half,2CATAC,1,guided,2,2,2,2,2,half,4.932563207765195,4.879,15.059,0.23072482783136758,1.411012333410369,0.7465,1.7886,0.11601495614339494,6.958731704444958,3.735486,23.2224839,3.223245704444958,16.263752195555043,0.6514918035684862,2.8267257144133295,0.04,inf,inf,0,0,0,0,0,8.0989,8.059,8.13,0.03990000000000116,0.03110000000000035,0.0710000000000015,0.02287380840855155,0.012228409983783063,0.0
opi5,1,2CATAC_guided_full,opi5_2CATAC_full,2CATAC,1,guided,2,4,4,4,4,full,4.8927992237406,4.817,21.746,0.4001641977068393,2.078301471658446,1.2889,2.4651,0.17022237246827585,10.166563163443033,6.3942329,48.4261674,3.772330263443033,38.25960423655697,1.16488332896643,2.8267257144133295,0.018,inf,inf,0,0,0,0,0,14.497400000000003,14.338,14.715,0.15940000000000332,0.21759999999999735,0.37700000000000067,0.13660502674987246,0.009980446627817488,0.0
opi5,1,FERTAC_guided_half,opi5_FERTAC_half,FERTAC,2,guided,2,2,2,2,2,half,4.932230219182341,4.879,14.833,0.1733220923442271,1.3826292087672936,0.9352,1.7798,0.10842790106324739,6.81844638890098,4.6507496,22.44438,2.1676967889009795,15.625933611099018,0.5793950086942289,2.8267257144133295,0.029,inf,inf,0,0,0,0,0,7.7217,7.688,7.768,0.03370000000000051,0.046299999999999564,0.08000000000000007,0.02588886504529188,0.01256719750920636,0.0
opi5,1,FERTAC_guided_full,opi5_FERTAC_full,FERTAC,2,guided,2,4,4,4,4,full,4.924153508415318,4.829,19.65,0.34268329566335204,1.6013142857142857,1.0811,2.1415,0.18330389252761362,7.882668763866981,5.3600938,39.53973,2.5225749638669814,31.657061236133018,1.0630990309133144,2.8267257144133295,0.012,inf,inf,0,0,0,0,0,10.5501,10.497,10.611,0.05310000000000059,0.060900000000000176,0.11400000000000077,0.04516746616758577,0.010633656728121521,0.0
opi5,1,HeRAD_guided_half,opi5_HeRAD_half,HeRAD,3,guided,2,2,2,2,2,half,4.9310187627571045,4.887,15.078,0.2063861906178939,1.4056833568849112,0.8053,1.699,0.10950791867040427,6.930407261909248,3.9926774000000003,23.280432,2.9377298619092476,16.350024738090752,0.6043403871468926,2.8267257144133295,0.012,inf,inf,0,0,0,0,0,8.073599999999999,8.052,8.104,0.021599999999999397,0.030400000000000205,0.0519999999999996,0.014930952191114054,0.012216799959310893,0.0
opi5,1,HeRAD_guided_full,opi5_HeRAD_full,HeRAD,3,guided,2,4,4,4,4,full,4.888515944865834,4.806,21.995,0.3817871273555712,2.1376991436261314,1.2233,2.6736,0.20069506434297776,10.446233442777913,5.981937,49.541538,4.464296442777913,39.09530455722209,1.2369154386969534,2.8267257144133295,0.06,inf,inf,0,0,0,0,0,15.238799999999998,14.665,15.652,0.5737999999999985,0.41320000000000157,0.9870000000000001,0.2819388428562321,0.009756069661496659,0.0
opi5,1,OTAC_big_guided_half,opi5_OTAC_big_half,OTAC_big,4,guided,2,2,2,0,2,half,4.945468478094948,4.875,13.177,0.1473180942905023,1.174776392917112,0.6875,1.6003,0.18297089879122183,5.806636754373378,3.43475,17.7810438,2.371886754373378,11.97440704562662,0.905373482663,2.8267257144133295,0.018,inf,inf,0,0,0,0,0,5.461399999999999,5.402,5.488,0.05939999999999923,0.026600000000001067,0.0860000000000003,0.026953457828057817,0.015131661165313278,0.0
opi5,1,OTAC_big_guided_full,opi5_OTAC_big_full,OTAC_big,4,guided,2,4,4,0,4,full,4.923088854727133,4.829,18.321,0.2852563759799245,1.5678258800922367,0.9869,2.2091,0.160856657139411,7.717102293666411,4.9157489,34.3738602,2.8013533936664112,26.656757906333592,0.9133184290201322,2.8267257144133295,0.013,inf,inf,0,0,0,0,0,9.3405,9.248,9.454,0.09250000000000114,0.11350000000000016,0.2060000000000013,0.07867690611326539,0.011758449745030819,0.0
opi5,1,OTAC_little_guided_half,opi5_OTAC_little_half,OTAC_little,5,guided,2,2,2,2,0,half,4.967783328968046,4.931,8.284,0.08245475957815236,0.7849381875327397,0.484,1.09,0.09927534434307402,3.898443746987952,2.418548,6.7691666,1.479895746987952,2.8707228530120483,0.4902766539198449,2.8267257144133295,0.007,inf,inf,0,0,0,0,0,2.0793000000000004,2.047,2.096,0.03230000000000022,0.016699999999999715,0.04899999999999993,0.01796323405675542,0.026683331605411687,0.0
opi5,1,OTAC_little_guided_full,opi5_OTAC_little_full,OTAC_little,5,guided,2,4,4,4,0,full,4.959710435245574,4.912,9.431,0.08411010892204793,0.9195203114601358,0.555,1.3147,0.11121998024958597,4.559355157553574,2.775555,9.103699500000001,1.7838001575535736,4.544344342446427,0.548357619226889,2.8267257144133295,0.008,inf,inf,0,0,0,0,0,3.701800000000001,3.689,3.715,0.01280000000000081,0.01319999999999899,0.0259999999999998,0.0085608929959957,0.01752897039340387,0.0
opi5,1,OS_R1_os_unknown,opi5_OS_R1_unknown,OS_R1,6,os,5,0,0,0,0,unknown,4.93496574719612,4.802,21.362,0.360291637431206,1.4599664822673537,0.81,2.3718,0.39974613266820175,7.1906635763792055,4.00302,46.729375,3.1876435763792053,39.53871142362079,2.032473426680113,2.8267257144133295,0.012,inf,inf,0,0,0,0,0,8.922266666666667,8.817,9.008,0.10526666666666706,0.08573333333333188,0.19099999999999895,0.055998044183533116,0.011469901970242483,0.0
opi5,1,OS_R2_os_unknown,opi5_OS_R2_unknown,OS_R2,7,os,5,0,0,0,0,unknown,4.895273165862585,4.806,22.293,0.36908182106860327,2.0115289136582932,1.1614,2.7251,0.19604285413225125,9.84545796857428,5.7675124,50.8926897,4.07794556857428,41.04723173142572,1.252323173822937,2.8267257144133295,0.075,inf,inf,0,0,0,0,0,6.774333333333332,6.678,7.035,0.09633333333333205,0.26066666666666816,0.3570000000000002,0.09161227823719655,0.02068403648212604,0.0
opi5,1,OS_R3_os_unknown,opi5_OS_R3_unknown,OS_R3,8,os,5,0,0,0,0,unknown,4.900424382233344,4.799,21.929,0.4367056511552917,2.001174304035033,1.0985,2.6293,0.2126631554584676,9.802788712370972,5.476022500000001,49.243762399999994,4.326766212370972,39.440973687629025,1.3416503170173912,2.8267257144133295,0.058,inf,inf,0,0,0,0,0,4.525066666666667,4.514,4.538,0.011066666666666336,0.012933333333333685,0.02400000000000002,0.0073627117157691055,0.03083121183211968,0.0
opi5,1,OS_R1_lavd_unknown,opi5_OS_R1_unknown,OS_R1,6,lavd,6,0,0,0,0,unknown,0,0,0,0,0,0,0,0,0,0,0,0,0,0,2.8267257144133295,0,0,0,0,0,0,0,0,0.0,100000,0,-100000.0,0.0,-100000,0,nan,nan
opi5,1,OS_R2_lavd_unknown,opi5_OS_R2_unknown,OS_R2,7,lavd,6,0,0,0,0,unknown,0,0,0,0,0,0,0,0,0,0,0,0,0,0,2.8267257144133295,0,0,0,0,0,0,0,0,0.0,100000,0,-100000.0,0.0,-100000,0,nan,nan
opi5,1,OS_R3_lavd_unknown,opi5_OS_R3_unknown,OS_R3,8,lavd,6,0,0,0,0,unknown,0,0,0,0,0,0,0,0,0,0,0,0,0,0,2.8267257144133295,0,0,0,0,0,0,0,0,0.0,100000,0,-100000.0,0.0,-100000,0,nan,nan
opi5,1,OS_R1_bpfland_unknown,opi5_OS_R1_unknown,OS_R1,6,bpfland,7,0,0,0,0,unknown,0,0,0,0,0,0,0,0,0,0,0,0,0,0,2.8267257144133295,0,0,0,0,0,0,0,0,0.0,100000,0,-100000.0,0.0,-100000,0,nan,nan
opi5,1,OS_R2_bpfland_unknown,opi5_OS_R2_unknown,OS_R2,7,bpfland,7,0,0,0,0,unknown,0,0,0,0,0,0,0,0,0,0,0,0,0,0,2.8267257144133295,0,0,0,0,0,0,0,0,0.0,100000,0,-100000.0,0.0,-100000,0,nan,nan
opi5,1,OS_R3_bpfland_unknown,opi5_OS_R3_unknown,OS_R3,8,bpfland,7,0,0,0,0,unknown,0,0,0,0,0,0,0,0,0,0,0,0,0,0,2.8267257144133295,0,0,0,0,0,0,0,0,0.0,100000,0,-100000.0,0.0,-100000,0,nan,nan
x7ti,4,2CATAC_packed_half,x7ti_2CATAC_half,2CATAC,1,packed,3,4,3,4,3,half,18.798010083417363,18.67,19.014,0.06812890691309542,3.4470857594646622,1.066,4.6217,0.6954737582325003,64.76242407854524,20.245472000000003,86.35646449999999,44.51695207854523,21.59404042145475,12.948483132634896,13.50118462351242,524.401,2466.469,1942.0680000000002,51.62,50.18,52.19,0.39,4.66,37.4182,36.715,37.756,0.7031999999999954,0.33780000000000143,1.0409999999999968,0.326699250075661,0.024632366588608103,0.01963364993505834
x7ti,4,2CATAC_packed_full,x7ti_2CATAC_full,2CATAC,1,packed,3,8,6,8,5,full,18.743670763907858,18.666,18.879,0.03780239091232178,4.106532960029136,2.63,4.7122,0.388652074049771,76.96023800127014,49.58076,88.11814,27.379478001270144,11.157901998729855,7.1843072937285495,13.50118462351242,0.137,2305.247,2305.1099999999997,60.07,59.19,61.78,0.74,4.66,70.96849999999999,70.156,72.303,0.8124999999999858,1.3345000000000056,2.1469999999999914,0.6274789505101598,0.015433581197771926,0.012046418340531365
x7ti,4,FERTAC_packed_half,x7ti_FERTAC_half,FERTAC,2,packed,3,4,3,4,3,half,18.74735449639472,18.681,18.92,0.018080329574889333,4.042803056550723,1.8339,4.5892,0.15985969921697268,75.79011056822367,34.697388000000004,85.81804,41.092722568223664,10.027929431776329,2.954581424070527,13.50118462351242,0.131,2272.7,2272.569,59.03,58.46,59.57,0.22,4.66,35.3147,34.75,36.879,0.564700000000002,1.5642999999999958,2.128999999999998,0.5703628572136232,0.030543792064125122,0.02378938402421655
x7ti,4,FERTAC_packed_full,x7ti_FERTAC_full,FERTAC,2,packed,3,8,6,8,6,full,18.72882088670846,18.658,18.841,0.013884845401597476,4.260032538384665,3.0115,4.9039,0.12514616410633939,79.78425704041973,56.7396715,91.4969662,23.04458554041973,11.712709159580271,2.306259614249103,13.50118462351242,5615.931,8008.562,2392.6310000000003,60.83,60.04,61.52,0.47,4.66,63.735299999999995,63.282,65.129,0.4532999999999987,1.3937000000000097,1.8470000000000084,0.7124664592495269,0.01781570881755093,0.013583250726049772
x7ti,4,HeRAD_packed_half,x7ti_HeRAD_half,HeRAD,3,packed,3,4,3,4,3,half,18.787495712070065,18.64,19.025,0.0654664907861568,3.547589832132105,1.0589,4.3342,0.6781511474169468,66.61607237884317,20.145572499999997,81.9293826,46.47049987884317,15.313310221156826,12.613611964641771,13.50118462351242,0.073,1994.207,1994.134,52.01,51.60,52.42,0.19,4.66,38.67550000000001,38.264,39.181,0.41150000000000375,0.5054999999999907,0.9169999999999945,0.26725029882531853,0.024513708732807483,0.019138894649067234
x7ti,4,HeRAD_packed_full,x7ti_HeRAD_full,HeRAD,3,packed,3,8,6,8,5,full,18.732780378282758,18.644,18.972,0.028339391970230485,4.201959264298997,1.254,4.77,0.2535923378815428,78.70978221078151,23.790888000000002,89.12744999999998,54.91889421078151,10.41766778921847,4.68315153485354,13.50118462351242,0.147,2359.504,2359.357,60.99,60.56,61.43,0.20,4.66,71.5471,70.882,71.986,0.6650999999999954,0.43890000000000384,1.1039999999999992,0.3666177088527553,0.015656785815551466,0.01213200367310485
x7ti,4,OTAC_big_packed_half,x7ti_OTAC_big_half,OTAC_big,4,packed,3,4,3,0,3,half,18.864992545454545,18.758,19.007,0.023839641457377943,2.620229418181818,0.8096,3.2471,0.20380680045890007,49.427677684986364,15.3880672,61.16898549999999,34.03961048498636,11.741307815013627,3.805221278897211,13.50118462351242,0.078,1480.832,1480.7540000000001,36.47,35.79,36.94,0.29,4.66,18.125899999999994,17.697,19.186,0.4288999999999952,1.0601000000000056,1.4890000000000008,0.3889951299323826,0.038809367193503565,0.028635325142475698
x7ti,4,OTAC_big_packed_full,x7ti_OTAC_big_full,OTAC_big,4,packed,3,8,6,0,6,full,18.775261544094093,18.655,19.003,0.03851352419332174,3.690141618232575,0.8564,4.7774,0.37663298713505994,69.27314473888151,16.2741692,89.409041,52.99897553888151,20.13589626111849,6.9652108244426625,13.50118462351242,0.111,2074.856,2074.7450000000003,55.37,54.60,55.99,0.38,4.66,37.61890000000001,36.999,38.949,0.6199000000000083,1.3300999999999874,1.9499999999999957,0.8782264261314124,0.026207448806949737,0.020947604528574727
x7ti,4,OTAC_little_packed_half,x7ti_OTAC_little_half,OTAC_little,5,packed,3,4,3,4,0,half,18.96377227993439,18.855,19.033,0.013038484933332095,1.4366073628576637,0.6262,2.4745,0.10071745245697844,27.242553313213048,11.9184646,46.7160855,15.324088713213047,19.47353218678695,1.8953584477741903,13.50118462351242,0.045,816.645,816.6,18.32,18.06,18.79,0.19,4.66,14.551700000000002,14.438,14.627,0.11370000000000147,0.07529999999999859,0.18900000000000006,0.07167217033130785,0.026644036006353074,0.017917510668856558
x7ti,4,OTAC_little_packed_full,x7ti_OTAC_little_full,OTAC_little,5,packed,3,8,6,8,0,full,18.946331401186672,18.825,18.991,0.015197917884328387,1.6167003331811958,1.037,2.9333,0.12925986893495922,30.629109165225923,19.693666999999998,55.260438699999995,10.935442165225925,24.63132953477407,2.4298720061221695,13.50118462351242,0.051,918.605,918.554,21.35,21.22,21.57,0.07,4.66,26.084600000000002,26.012,26.182,0.07260000000000133,0.09739999999999682,0.16999999999999815,0.06819938090302216,0.01671152640406582,0.01164875827116383
x7ti,4,2CATAC_loose_half,x7ti_2CATAC_half,2CATAC,1,loose,1,4,3,4,3,half,0,0,0,0,0,0,0,0,0,0,0,0,0,0,13.50118462351242,0,0,0,0,0,0,0,4.66,43.242000000000004,43.097,43.538,0.14500000000000313,0.29599999999999227,0.4409999999999954,0.12506798151405413,0.0,0.0
x7ti,4,2CATAC_loose_full,x7ti_2CATAC_full,2CATAC,1,loose,1,8,6,8,5,full,0,0,0,0,0,0,0,0,0,0,0,0,0,0,13.50118462351242,0,0,0,0,0,0,0,4.66,49.97959999999999,48.266,52.037,1.7135999999999925,2.0574000000000083,3.771000000000001,1.1618780008627794,0.0,0.0
x7ti,4,FERTAC_loose_half,x7ti_FERTAC_half,FERTAC,2,loose,1,4,3,4,3,half,0,0,0,0,0,0,0,0,0,0,0,0,0,0,13.50118462351242,0,0,0,0,0,0,0,4.66,35.64450000000001,35.249,36.042,0.3955000000000055,0.39749999999999375,0.7929999999999993,0.25894626212144195,0.0,0.0
x7ti,4,FERTAC_loose_full,x7ti_FERTAC_full,FERTAC,2,loose,1,8,6,8,6,full,0,0,0,0,0,0,0,0,0,0,0,0,0,0,13.50118462351242,0,0,0,0,0,0,0,4.66,56.03380000000001,53.235,57.174,2.798800000000007,1.140199999999993,3.939,1.0851419569193086,0.0,0.0
x7ti,4,HeRAD_loose_half,x7ti_HeRAD_half,HeRAD,3,loose,1,4,3,4,3,half,0,0,0,0,0,0,0,0,0,0,0,0,0,0,13.50118462351242,0,0,0,0,0,0,0,4.66,43.759,43.593,43.901,0.16599999999999682,0.142000000000003,0.30799999999999983,0.08819548993256052,0.0,0.0
x7ti,4,HeRAD_loose_full,x7ti_HeRAD_full,HeRAD,3,loose,1,8,6,8,5,full,0,0,0,0,0,0,0,0,0,0,0,0,0,0,13.50118462351242,0,0,0,0,0,0,0,4.66,50.2707,49.288,51.511,0.9827000000000012,1.2403000000000048,2.223000000000006,0.6275435443058917,0.0,0.0
x7ti,4,OTAC_big_loose_half,x7ti_OTAC_big_half,OTAC_big,4,loose,1,4,3,0,3,half,0,0,0,0,0,0,0,0,0,0,0,0,0,0,13.50118462351242,0,0,0,0,0,0,0,4.66,18.357,18.215,18.662,0.14199999999999946,0.3049999999999997,0.4469999999999992,0.14829250374400832,0.0,0.0
x7ti,4,OTAC_big_loose_full,x7ti_OTAC_big_full,OTAC_big,4,loose,1,8,6,0,6,full,0,0,0,0,0,0,0,0,0,0,0,0,0,0,13.50118462351242,0,0,0,0,0,0,0,4.66,36.534000000000006,36.111,37.061,0.4230000000000089,0.5269999999999939,0.9500000000000028,0.30709535254633163,0.0,0.0
x7ti,4,OTAC_little_loose_half,x7ti_OTAC_little_half,OTAC_little,5,loose,1,4,3,4,0,half,0,0,0,0,0,0,0,0,0,0,0,0,0,0,13.50118462351242,0,0,0,0,0,0,0,4.66,25.479300000000002,25.214,25.778,0.2653000000000034,0.29869999999999663,0.5640000000000001,0.18212575020817012,0.0,0.0
x7ti,4,OTAC_little_loose_full,x7ti_OTAC_little_full,OTAC_little,5,loose,1,8,6,8,0,full,0,0,0,0,0,0,0,0,0,0,0,0,0,0,13.50118462351242,0,0,0,0,0,0,0,4.66,44.78280000000001,44.544,44.956,0.2388000000000119,0.17319999999999425,0.41200000000000614,0.1339749562003625,0.0,0.0
x7ti,4,2CATAC_distant_half,x7ti_2CATAC_half,2CATAC,1,distant,4,4,3,4,3,half,18.81034731359649,18.658,19.052,0.057875342317899967,3.295698606542398,1.3235,4.5035,0.5443243824442552,61.972144867525586,25.094883499999995,84.1298835,36.87726136752559,22.15773863247442,10.140555687500395,13.50118462351242,3980.064,5838.107,1858.0430000000001,48.55,47.71,49.17,0.39,4.66,39.93919999999999,39.455,40.43,0.4841999999999942,0.49080000000000723,0.9750000000000014,0.3284816247186113,0.022083255692518237,0.017300386587613174
x7ti,4,2CATAC_distant_full,x7ti_2CATAC_full,2CATAC,1,distant,4,8,6,8,5,full,18.743450565934815,18.666,18.98,0.027641752118007686,4.090526678485386,0.945,4.6716,0.27171518435296216,76.66544018268102,17.932319999999997,87.3776064,58.73312018268103,10.71216621731898,5.028283009813427,13.50118462351242,0.135,2296.662,2296.5269999999996,60.45,59.72,61.82,0.53,4.66,70.7435,68.612,71.655,2.1315000000000026,0.9115000000000038,3.0430000000000064,0.97982144064904,0.015423361081652962,0.012161179472319011
x7ti,4,FERTAC_distant_half,x7ti_FERTAC_half,FERTAC,2,distant,4,4,3,4,3,half,18.757626515323498,18.681,18.886,0.024270036598480867,3.9211697026106695,2.3633,4.5299,0.22326542404651667,73.54823602477639,44.6332838,84.89938579999999,28.914952224776385,11.351149775223604,4.127178918686656,13.50118462351242,0.136,2203.028,2202.892,57.23,56.54,58.07,0.40,4.66,37.2438,36.441,38.845,0.8027999999999977,1.6011999999999986,2.4039999999999964,0.8029017928046296,0.028105040170568456,0.02186934093728352
x7ti,4,FERTAC_distant_full,x7ti_FERTAC_full,FERTAC,2,distant,4,8,6,8,6,full,18.72929189507543,18.678,18.817,0.012991490649163015,4.2561839804285775,3.348,4.6381,0.11678310615602196,79.71434244227336,62.939052,86.767704,16.775290442273366,7.053361557726632,2.1531180042024594,13.50118462351242,0.135,2387.923,2387.7879999999996,61.04,60.31,61.56,0.36,4.66,63.5736,63.311,65.101,0.26259999999999906,1.5274,1.7899999999999991,0.5390065346954933,0.01784537168948171,0.0136648118086753
x7ti,4,HeRAD_distant_half,x7ti_HeRAD_half,HeRAD,3,distant,4,4,3,4,3,half,18.797057423481043,18.659,19.04,0.064780052113615,3.4498063544997715,1.038,4.2711,0.6357420739424606,64.81670953180448,19.76352,80.22834239999999,45.05318953180448,15.411632868195511,11.838704408820957,13.50118462351242,0.101,1942.839,1942.7379999999998,52.24,51.27,52.88,0.40,4.66,39.6134,39.044,39.971,0.5694000000000017,0.3575999999999979,0.9269999999999996,0.3665285194300105,0.0232868526825933,0.01876838847460708
x7ti,4,HeRAD_distant_full,x7ti_HeRAD_full,HeRAD,3,distant,4,8,6,8,5,full,18.738081437071354,18.663,18.984,0.026176580068507607,4.1379812145160555,1.3336,5.0038,0.21952900499869263,77.53465842199664,25.311728,93.4759878,52.22293042199664,15.94132937800336,4.058662111355503,13.50118462351242,0.13,2324.919,2324.7889999999998,60.46,59.33,60.84,0.30,4.66,71.2809,70.191,72.135,1.0899,0.8541000000000025,1.9440000000000026,0.6772489202649206,0.015480630276299208,0.012071490679831485
x7ti,4,OTAC_big_distant_half,x7ti_OTAC_big_half,OTAC_big,4,distant,4,4,3,0,3,half,18.88513566350711,18.76,19.037,0.02133316886392099,2.3792196955887714,0.7291,3.8699,0.1723591793094535,44.929558451075465,13.8682111,72.59932400000001,31.061347351075465,27.669765548924545,3.221411088233776,13.50118462351242,0.077,1346.042,1345.965,34.81,34.29,35.20,0.21,4.66,19.0334,18.762,19.697,0.27139999999999986,0.6635999999999989,0.9349999999999987,0.34577005846853354,0.03359554655898085,0.026028766274023563
x7ti,4,OTAC_big_distant_full,x7ti_OTAC_big_full,OTAC_big,4,distant,4,8,6,0,6,full,18.733572833129447,18.648,19.014,0.025809992577369736,4.182812536813013,1.0567,4.8534,0.22555827646041823,78.355364711241,20.092093799999997,90.5790042,58.263270911240994,12.223639488759005,4.161943420166305,13.50118462351242,0.136,2349.684,2349.5480000000002,61.64,61.16,62.35,0.31,4.66,35.3507,34.847,38.063,0.503700000000002,2.712299999999999,3.216000000000001,0.9596058276419785,0.03154544466079545,0.024815929528976797
x7ti,4,OTAC_little_distant_half,x7ti_OTAC_little_half,OTAC_little,5,distant,4,4,3,4,0,half,18.96288089375285,18.863,19.029,0.012650824574660227,1.4368071317829458,0.7143,2.4956,0.09559242893421069,27.245157740424077,13.5924147,47.094467599999994,13.652743040424076,19.849309859575918,1.798818545929603,13.50118462351242,0.044,816.707,816.663,18.55,18.10,18.90,0.20,4.66,14.8572,14.698,14.959,0.15920000000000023,0.101799999999999,0.26099999999999923,0.0937512073996322,0.02609866495448102,0.017769404733058717
x7ti,4,OTAC_little_distant_full,x7ti_OTAC_little_full,OTAC_little,5,distant,4,8,6,8,0,full,18.944593349686563,18.813,18.984,0.015249418147758653,1.6235949350413372,1.2098,2.9999,0.12920109440658614,30.75694293400109,22.962004,56.43711869999999,7.794938934001088,25.680175765998904,2.4289609473724263,13.50118462351242,0.053,922.452,922.399,21.46,21.34,21.68,0.05,4.66,26.142699999999998,26.045,26.202,0.09769999999999612,0.059300000000003905,0.15700000000000003,0.05530531419111321,0.016743978695264974,0.01168275350288991
x7ti,4,2CATAC_guided_half,x7ti_2CATAC_half,2CATAC,1,guided,2,4,3,4,3,half,18.89285176980496,18.774,19.061,0.053182585393237655,3.2696237996628943,1.1258,4.4773,0.6321273939580292,61.74763357692752,21.4588738,84.24487679999999,40.28875977692752,22.497243223072466,11.851773019402433,13.50118462351242,1.852,1854.616,1852.764,50.07,45.94,52.56,2.52,4.66,39.1388,38.425,39.347,0.7138000000000062,0.20819999999999794,0.9220000000000041,0.2686181924839298,0.022453225982064666,0.018206900569256085
x7ti,4,2CATAC_guided_full,x7ti_2CATAC_full,2CATAC,1,guided,2,8,6,8,5,full,18.835633588521354,18.782,18.926,0.018869222409667798,4.108092228802542,2.9818,4.5799,0.19401696529904433,77.3765112760075,56.406710600000004,86.33111500000001,20.9698006760075,8.954603723992506,3.614289732447045,13.50118462351242,0.223,2324.595,2324.372,60.28,58.75,62.17,1.02,4.66,69.83950000000002,68.891,70.694,0.9485000000000099,0.8544999999999874,1.8029999999999973,0.6111508724438578,0.01576790367170639,0.012283950486472552
x7ti,4,FERTAC_guided_half,x7ti_FERTAC_half,FERTAC,2,guided,2,4,3,4,3,half,18.85346711603274,18.793,18.975,0.014179010786199682,3.8363768464130956,2.4821,4.4145,0.14652287452209808,72.32782470072219,47.0035277,83.09413350000001,25.32429700072219,10.766308799277823,2.7316962472411497,13.50118462351242,0.217,2173.143,2172.926,58.43,57.58,59.36,0.34,4.66,37.87429999999999,37.695,38.167,0.1792999999999907,0.2927000000000106,0.4720000000000013,0.1351493412653006,0.027178577587986537,0.021956201434745994
x7ti,4,FERTAC_guided_full,x7ti_FERTAC_full,FERTAC,2,guided,2,8,6,8,6,full,18.83058178841431,18.766,18.94,0.01979415502775873,4.175986651899649,2.9261,4.8722,0.22772830960439733,78.6330388042086,55.332551,91.5778712,23.300487804208593,12.944832395791408,4.229397418624274,13.50118462351242,0.144,2362.127,2361.983,61.07,59.89,61.44,0.41,4.66,58.563,56.169,61.828,2.3940000000000055,3.2650000000000006,5.659000000000006,2.198220290244917,0.01910942759526487,0.01484125198504175
x7ti,4,HeRAD_guided_half,x7ti_HeRAD_half,HeRAD,3,guided,2,4,3,4,3,half,18.87633686389678,18.759,19.068,0.05440456520046477,3.468978051128978,0.7622,4.4517,0.6570916489860732,65.45421787478696,14.533629600000001,83.78989739999999,50.920588274786965,18.335679525213024,12.300443379350645,13.50118462351242,0.2,1963.973,1963.773,53.41,48.14,54.22,1.27,4.66,39.0943,38.665,39.472,0.4292999999999978,0.37770000000000437,0.8070000000000022,0.2575702924553914,0.023828139365430972,0.019443528084656842
x7ti,4,HeRAD_guided_full,x7ti_HeRAD_full,HeRAD,3,guided,2,8,6,8,5,full,18.829835202927157,18.745,18.939,0.024303104152163284,4.154168557122912,2.9221,4.7881,0.25755640936415736,78.21862541243561,55.2218458,89.89178940000001,22.996779612435617,11.673163987564394,4.795143682280537,13.50118462351242,0.143,2350.418,2350.275,60.08,57.87,60.96,0.59,4.66,69.47349999999999,64.121,71.384,5.352499999999992,1.9105000000000132,7.263000000000005,2.237708612249,0.016023483441452983,0.012307693724945485
x7ti,4,OTAC_big_guided_half,x7ti_OTAC_big_half,OTAC_big,4,guided,2,4,3,0,3,half,18.924458391490592,18.811,19.072,0.025811946061173707,2.7017669827212782,0.8611,3.8034,0.27363396836143666,51.12530310952014,16.4065383,71.56097100000001,34.71876480952014,20.43566789047987,5.140428074592143,13.50118462351242,0.089,1539.584,1539.4950000000001,46.04,43.84,46.86,0.87,4.66,18.422500000000003,17.977,18.745,0.44550000000000267,0.322499999999998,0.7680000000000007,0.2754919841544095,0.03949601377960051,0.03556744632921698
x7ti,4,OTAC_big_guided_full,x7ti_OTAC_big_full,OTAC_big,4,guided,2,8,6,0,6,full,18.841958853288364,18.747,19.088,0.026118148820835758,3.9876964972295834,1.148,5.0163,0.29636858969476426,75.13052312642736,21.913024,94.4418801,53.21749912642736,19.311356973572643,5.514049049984637,13.50118462351242,0.239,2253.562,2253.323,61.39,60.32,62.73,0.62,4.66,36.573800000000006,36.232,36.962,0.3418000000000063,0.38819999999999766,0.730000000000004,0.25509815104517447,0.02923561689338581,0.02388875315116285
x7ti,4,OTAC_little_guided_half,x7ti_OTAC_little_half,OTAC_little,5,guided,2,4,3,4,0,half,19.01005283926853,18.943,19.057,0.010421263026185132,1.5037475794032724,0.8371,2.3106,0.08455552969393108,28.585753024427333,15.928338799999999,43.825150199999996,12.657414224427335,15.239397175572662,1.5968662891659233,13.50118462351242,0.053,859.511,859.458,18.64,18.21,19.07,0.20,4.66,14.680700000000002,14.613,14.777,0.06770000000000209,0.09629999999999761,0.1639999999999997,0.05167645068651241,0.027712059850255762,0.018070288201516273
x7ti,4,OTAC_little_guided_full,x7ti_OTAC_little_full,OTAC_little,5,guided,2,8,6,8,0,full,18.995748049320873,18.902,19.035,0.01310660172640034,1.6854641171370774,1.3219,2.7093,0.13424496789955173,32.015437226808594,25.1478256,51.4008396,6.867611626808593,19.385402373191404,2.5343352565335797,13.50118462351242,0.068,962.167,962.099,21.39,21.31,21.54,0.05,4.66,25.8053,25.625,25.924,0.18029999999999902,0.11870000000000047,0.2989999999999995,0.10023422569162706,0.017656981419008493,0.011796897536552569
x7ti,4,OS_R1_os_unknown,x7ti_OS_R1_unknown,OS_R1,6,os,5,0,0,0,0,unknown,18.931779629183723,18.793,19.068,0.049232567213129685,2.6814698097760656,0.7483,4.6047,0.6274798865115006,50.74008465269925,14.260353099999998,86.58677879999999,36.479731552699256,35.84669414730074,11.76649872683558,13.50118462351242,0.177,1523.432,1523.255,37.77,33.89,39.53,1.30,4.66,17.493666666666666,17.212,17.657,0.2816666666666663,0.163333333333334,0.4450000000000003,0.14097348619341107,0.04127967558414755,0.03072784283836056
x7ti,4,OS_R2_os_unknown,x7ti_OS_R2_unknown,OS_R2,7,os,5,0,0,0,0,unknown,18.873248434941733,18.774,19.054,0.02933598006990663,3.5484881681594915,1.1067,4.6524,0.35007559647583714,66.96434759684581,21.057180900000002,87.39250279999999,45.907166696845806,20.428155203154176,6.544381620701541,13.50118462351242,0.099,2011.439,2011.3400000000001,0.00,0.00,0.00,0.00,4.66,16.1702,15.944,16.361,0.2262000000000004,0.19079999999999941,0.4169999999999998,0.1348921262130806,0.05893783595739753,0.0
x7ti,4,OS_R3_os_unknown,x7ti_OS_R3_unknown,OS_R3,8,os,5,0,0,0,0,unknown,18.8666818641375,18.737,19.046,0.035465205851735175,3.6509450291271484,0.9547,4.9889,0.4292267292304913,68.87033952902124,18.1832162,93.7563977,50.68712332902123,24.886058170978757,8.009946849964363,13.50118462351242,0.125,2068.256,2068.131,52.59,51.33,53.77,0.57,4.66,14.049266666666666,13.982,14.13,0.06726666666666681,0.08073333333333466,0.14800000000000146,0.04254487826597552,0.0697661091808135,0.05327401762369567
x7ti,4,OS_R4_os_unknown,x7ti_OS_R4_unknown,OS_R4,9,os,5,0,0,0,0,unknown,18.854216669074102,18.721,19.049,0.03543581908368523,3.8346888198757765,1.4344,5.154,0.41709325995998003,72.28976862783956,27.21774,96.761196,45.072028627839565,24.471427372160434,7.76888566188449,13.50118462351242,0.123,2172.15,2172.027,0,0,0,0,4.66,12.66606666666667,12.538,12.746,0.128066666666669,0.07993333333333119,0.20800000000000018,0.05566669518105916,0.08122710974030974,0.0
x7ti,4,OS_R5_os_unknown,x7ti_OS_R5_unknown,OS_R5,10,os,5,0,0,0,0,unknown,18.84742821376986,18.714,19.012,0.03588542541038548,3.930016547905633,1.8311,5.3631,0.44024915096154305,74.0592237370727,34.8128732,100.4454999,39.2463505370727,26.386276162927302,8.190859679022648,13.50118462351242,0.243,2225.642,2225.399,0,0,0,0,4.66,11.173599999999999,10.917,11.443,0.25659999999999883,0.26940000000000097,0.5259999999999998,0.1391534610215847,0.09433046397096896,0.0
x7ti,4,OS_R6_os_unknown,x7ti_OS_R6_unknown,OS_R6,11,os,5,0,0,0,0,unknown,18.833394010880554,18.725,18.947,0.028804891635544512,4.1412148957681385,2.7067,5.3266,0.3192512877355567,77.98768543248761,51.1539233,100.1986726,26.833762132487607,22.210987167512386,5.94247979393644,13.50118462351242,0.143,2343.407,2343.264,0,0,0,0,4.66,10.907866666666669,10.73,11.06,0.1778666666666684,0.15213333333333168,0.33000000000000007,0.10277705877054368,0.10175415349244858,0.0
x7ti,4,OS_R7_os_unknown,x7ti_OS_R7_unknown,OS_R7,12,os,5,0,0,0,0,unknown,18.835644167348708,18.748,18.963,0.03110731811475325,4.0974757016994845,2.3812,5.0587,0.3836699520276632,77.169916399663,45.099928000000006,95.03273820000001,32.06998839966299,17.862821800337016,7.140916113013738,13.50118462351242,0.206,2318.869,2318.663,0,0,0,0,4.66,9.321133333333334,9.001,9.501,0.3201333333333345,0.1798666666666655,0.5,0.1412929412182195,0.11782711510760534,0.0
x7ti,4,OS_R1_lavd_unknown,x7ti_OS_R1_unknown,OS_R1,6,lavd,6,0,0,0,0,unknown,18.937545078219014,18.778,19.072,0.04822945538286504,2.5585210060168473,0.878,4.4024,0.6605921127378275,48.42676726182912,16.721510000000002,83.2329484,31.705257261829118,34.80618113817088,12.405438609051304,13.50118462351242,1.622,1454.936,1453.3139999999999,34.33,30.82,37.12,1.38,4.66,16.241933333333336,16.142,16.315,0.0999333333333361,0.07306666666666572,0.17300000000000182,0.05941676851657615,0.0424339724542451,0.030081675005849053
x7ti,4,OS_R2_lavd_unknown,x7ti_OS_R2_unknown,OS_R2,7,lavd,6,0,0,0,0,unknown,18.899733192063188,18.771,19.076,0.045308192861939225,3.0995508620689654,0.8622,4.4648,0.5988138124735284,58.55854720877962,16.4240478,84.4784808,42.13449940877962,25.919933591220378,11.22804587857867,13.50118462351242,0.085,1760.59,1760.5049999999999,38.53,35.64,50.09,3.29,4.66,13.694266666666667,12.929,15.441,0.7652666666666672,1.7467333333333332,2.5120000000000005,0.7206775053147328,0.06085796809433765,0.04004295909723777
x7ti,4,OS_R3_lavd_unknown,x7ti_OS_R3_unknown,OS_R3,8,lavd,6,0,0,0,0,unknown,18.89845368319692,18.758,19.046,0.052813889698845665,3.1350745064997594,1.29,4.9003,0.6965904291887887,59.21820311974482,24.51774,91.92472769999999,34.700463119744825,32.70652458025517,13.044141594811089,13.50118462351242,0.187,1780.465,1780.278,45.33,39.58,53.50,5.00,4.66,11.931333333333333,11.685,12.434,0.2463333333333324,0.5026666666666664,0.7489999999999988,0.21782485318867242,0.07063698945076341,0.05407078504777338
x7ti,4,OS_R4_lavd_unknown,x7ti_OS_R4_unknown,OS_R4,9,lavd,6,0,0,0,0,unknown,18.867321732851984,18.702,19.001,0.041290515715515175,3.605907138387485,1.827,5.2972,0.48909551602392903,68.01958553318893,34.60338,99.825734,33.41620553318893,31.806148466811067,9.122956196231966,13.50118462351242,0.102,2044.226,2044.124,0,0,0,0,4.66,11.481200000000001,11.316,11.593,0.16520000000000046,0.11179999999999879,0.27699999999999925,0.06689458658430959,0.08431651232522251,0.0
x7ti,4,OS_R5_lavd_unknown,x7ti_OS_R5_unknown,OS_R5,10,lavd,6,0,0,0,0,unknown,18.86068580365736,18.722,18.97,0.031565188343619065,3.6947965976900865,2.4854,5.3218,0.33950650163191576,69.67982796951877,47.0759614,99.8529334,22.60386656951877,30.17310543048123,6.328607869957115,13.50118462351242,0.206,2094.431,2094.225,0,0,0,0,4.66,9.635733333333333,9.428,9.929,0.20773333333333177,0.2932666666666677,0.5009999999999994,0.1441687833590825,0.10291726403756067,0.0
x7ti,4,OS_R6_lavd_unknown,x7ti_OS_R6_unknown,OS_R6,11,lavd,6,0,0,0,0,unknown,18.83252220778596,18.694,18.944,0.03583760626984445,4.121017910591406,2.9051,5.5649,0.43663289373006187,77.59781127873057,54.9267257,104.2194472,22.671085578730576,26.62163592126943,8.115215420340734,13.50118462351242,0.227,2331.346,2331.119,0,0,0,0,4.66,9.3716,8.516,10.156,0.8556000000000008,0.7843999999999998,1.6400000000000006,0.4425153427525746,0.11784242286470759,0.0
x7ti,4,OS_R7_lavd_unknown,x7ti_OS_R7_unknown,OS_R7,12,lavd,6,0,0,0,0,unknown,18.828471363942633,18.739,18.939,0.033211952811831064,4.172113880065454,2.7389,5.1128,0.4057978216696805,78.54479252443932,51.8336825,95.8956768,26.711110024439314,17.350884275560688,7.548535725286193,13.50118462351242,0.25,2360.248,2359.998,0,0,0,0,4.66,8.959866666666667,8.396,9.322,0.5638666666666659,0.36213333333333253,0.9259999999999984,0.33307761143327397,0.12476184398664643,0.0
x7ti,4,OS_R1_bpfland_unknown,x7ti_OS_R1_unknown,OS_R1,6,bpfland,7,0,0,0,0,unknown,18.949784799768963,18.786,19.087,0.053194951417465094,2.3593132027339236,0.7859,4.0759,0.7110797169352747,44.677891007359456,14.953319300000002,76.84294270000001,29.724571707359452,32.16505169264055,13.362019169776076,13.50118462351242,0.071,1341.965,1341.894,31.86,28.63,37.94,2.43,4.66,16.934466666666665,16.712,17.229,0.2224666666666657,0.29453333333333376,0.5169999999999995,0.15933785608245282,0.037548023054563666,0.026775659896778565
x7ti,4,OS_R2_bpfland_unknown,x7ti_OS_R2_unknown,OS_R2,7,bpfland,7,0,0,0,0,unknown,18.90056006548221,18.771,19.084,0.03688280441445457,3.133799417400934,1.4827,4.4033,0.4346125096608311,59.219069541157495,28.1890924,82.8833159,31.029977141157495,23.664246358842504,8.137864733415787,13.50118462351242,0.157,1778.087,1777.93,44.79,43.74,46.31,0.65,4.66,15.625599999999997,15.59,15.69,0.03559999999999697,0.06440000000000268,0.09999999999999964,0.03180251562376775,0.05393749985342987,0.040795315379889424
x7ti,4,OS_R3_bpfland_unknown,x7ti_OS_R3_unknown,OS_R3,8,bpfland,7,0,0,0,0,unknown,18.86962444615681,18.743,19.049,0.034484418799898685,3.589745419957619,1.2862,4.9493,0.41226025566120744,67.72701920643902,24.477672199999997,93.0121949,43.249347006439024,25.285175693560973,7.695668704911913,13.50118462351242,2.427,2035.232,2032.805,51.00,50.31,51.71,0.35,4.66,14.079333333333334,14.028,14.124,0.0513333333333339,0.04466666666666619,0.09600000000000009,0.02212518496021708,0.06846140470756476,0.05155300913869028
x7ti,4,OS_R4_bpfland_unknown,x7ti_OS_R4_unknown,OS_R4,9,bpfland,7,0,0,0,0,unknown,18.848967305469955,18.722,18.967,0.03704449021553467,3.895584644645609,2.1871,5.2807,0.4281144217171459,73.41679812799981,41.454293400000005,99.1028969,31.962504727999807,25.686098772000193,7.965957131937803,13.50118462351242,0.23,2207.109,2206.879,0,0,0,0,4.66,12.8818,12.843,12.918,0.03880000000000017,0.03619999999999912,0.07499999999999929,0.019015782918407338,0.08111194638619552,0.0
x7ti,4,OS_R5_bpfland_unknown,x7ti_OS_R5_unknown,OS_R5,10,bpfland,7,0,0,0,0,unknown,18.833759651487437,18.719,18.955,0.03019088722117795,4.1192049244247615,2.485,5.329,0.33664003294751266,77.57378804475788,47.07583999999999,99.80684099999999,30.497948044757884,22.233052955242115,6.263751863712012,13.50118462351242,0.139,2330.943,2330.804,0,0,0,0,4.66,12.125599999999999,12.084,12.182,0.04159999999999897,0.05640000000000178,0.09800000000000075,0.026532459904264918,0.09104952756589317,0.0
x7ti,4,OS_R6_bpfland_unknown,x7ti_OS_R6_unknown,OS_R6,11,bpfland,7,0,0,0,0,unknown,18.832772733837192,18.736,19.038,0.029075149875575614,4.1346100081837,1.3046,5.184,0.34278102799842436,77.8596821999326,24.8369748,97.168896,53.02270739993261,19.309213800067397,6.3843452310116815,13.50118462351242,0.256,2339.677,2339.4210000000003,0,0,0,0,4.66,10.415533333333334,10.303,10.468,0.11253333333333337,0.05246666666666577,0.16499999999999915,0.04470517174726407,0.10638907885044524,0.0
x7ti,4,OS_R7_bpfland_unknown,x7ti_OS_R7_unknown,OS_R7,12,bpfland,7,0,0,0,0,unknown,18.833591073234146,18.748,19.001,0.029043091345459338,4.117513221628388,1.8068,5.1998,0.34242754198021674,77.54098560865232,34.2713824,97.5274488,43.26960320865232,19.98646319134768,6.377225932621065,13.50118462351242,0.143,2330.82,2330.677,0,0,0,0,4.66,9.008466666666665,8.944,9.06,0.06446666666666445,0.05153333333333521,0.11599999999999966,0.0320866386670895,0.1225029017719264,0.0
ai370,3,2CATAC_packed_half,ai370_2CATAC_half,2CATAC,1,packed,3,4,2,4,2,half,18.935692209100065,18.871,18.999,0.01959321309196268,1.767795889407672,1.149,2.4329,0.18982694702526168,33.47197397973084,21.799977,45.9112559,11.671996979730842,12.43928192026916,3.5718328726343374,2.7107633576086956,0.058,1004.993,1004.9350000000001,22.89,22.71,23.04,0.08,2.08,56.6189,56.3,56.68,0.3188999999999993,0.06110000000000326,0.38000000000000256,0.1130127328126258,0.008413676946735619,0.005753740888643191
ai370,3,2CATAC_packed_full,ai370_2CATAC_full,2CATAC,1,packed,3,8,4,6,1,full,18.935538503825185,18.894,18.995,0.012009713876401467,1.7574130743506344,1.3586,2.3402,0.09304755742353377,33.27689196605891,25.7033534,44.21573879999999,7.573538566058911,10.938846833941078,1.7492875762503761,2.7107633576086956,0.053,996.954,996.901,22.53,22.26,22.71,0.13,2.08,57.702999999999996,56.477,58.238,1.225999999999999,0.5350000000000037,1.7610000000000028,0.6423974193942918,0.008207488804064788,0.0055568507703239005
ai370,3,FERTAC_packed_half,ai370_FERTAC_half,FERTAC,2,packed,3,4,2,4,2,half,18.93467654580327,18.875,19.022,0.01953495732990473,1.7889329208146862,1.0441,2.417,0.18773905719202455,33.87037592485615,19.8535615,45.683716999999994,14.016814424856147,11.813341075143846,3.531387444952221,2.7107633576086956,0.065,1013.156,1013.0909999999999,22.98,22.65,23.17,0.13,2.08,56.6041,56.442,56.659,0.16210000000000235,0.054899999999996396,0.21699999999999875,0.05935664336122024,0.008516047250332621,0.005777874040926364
ai370,3,FERTAC_packed_full,ai370_FERTAC_full,FERTAC,2,packed,3,8,4,6,1,full,18.936998535268,18.89,18.996,0.01360801800552403,1.7427823408248273,1.3011,2.3135,0.10950331129186087,33.00215966289193,24.6805659,43.745971499999996,8.321593762891926,10.743811837108069,2.059344703637309,2.7107633576086956,0.059,987.269,987.21,22.56,22.31,22.72,0.12,2.08,57.5911,56.551,58.063,1.0400999999999954,0.4719000000000051,1.5120000000000005,0.49390720001050936,0.008155543761488804,0.0055750614244214815
ai370,3,HeRAD_packed_half,ai370_HeRAD_half,HeRAD,3,packed,3,4,2,4,2,half,18.930333432480666,18.871,18.984,0.014801282045238302,1.8234269879040255,1.344,2.3302,0.13654658023576005,34.516714116706325,25.483584,44.017478000000004,9.033130116706324,9.50076388329368,2.566806134829432,2.7107633576086956,0.054,953.121,953.067,23.41,23.17,23.59,0.11,2.08,56.6158,56.469,56.696,0.14679999999999893,0.08019999999999783,0.22699999999999676,0.07045692143272868,0.008676762940892197,0.005884772801938681
ai370,3,HeRAD_packed_full,ai370_HeRAD_full,HeRAD,3,packed,3,8,4,6,1,full,18.931544179459063,18.863,18.98,0.011099032680931162,1.7983466282894738,1.3562,2.544,0.09351568266615601,34.04484242815698,25.689140400000003,47.987472,8.35570202815698,13.942629571843014,1.7579618826747967,2.7107633576086956,0.057,1019.815,1019.758,23.22,23.09,23.38,0.09,2.08,60.2558,58.416,67.638,1.8398000000000039,7.3822000000000045,9.222000000000008,2.650262536261478,0.008041154501932265,0.0054844021654346965
ai370,3,OTAC_big_packed_half,ai370_OTAC_big_half,OTAC_big,4,packed,3,4,2,0,2,half,18.989972676015615,18.945,19.03,0.01057149043372783,1.0912459929641944,0.8382,1.5618,0.10380423351960888,20.722002700024095,15.935020199999999,29.6179752,4.786982500024097,8.895972499975905,1.9633200751703,2.7107633576086956,0.035,583.48,583.445,13.74,13.65,13.83,0.05,2.08,27.434200000000004,27.361,27.52,0.07320000000000348,0.08579999999999544,0.15899999999999892,0.046021251129837154,0.010749923177156355,0.0071278797996661095
ai370,3,OTAC_big_packed_full,ai370_OTAC_big_full,OTAC_big,4,packed,3,8,4,0,4,full,18.94627346771625,18.882,19.007,0.018152952641845917,1.6343777085134459,1.1903,2.2098,0.1534915279019282,30.96369686042681,22.5930843,41.725443600000006,8.37061256042681,10.761746739573194,2.8905560118675786,2.7107633576086956,0.057,927.661,927.6039999999999,20.46,19.94,20.75,0.18,2.08,45.17360000000001,45.109,45.22,0.06460000000000576,0.04639999999999134,0.1109999999999971,0.038796334305647454,0.009755151985177056,0.006445948961340251
ai370,3,OTAC_little_packed_half,ai370_OTAC_little_half,OTAC_little,5,packed,3,4,2,4,0,half,18.99360062936106,18.948,19.033,0.011462318069824683,1.0556071281981119,0.7441,1.5105,0.09636996175274254,20.049120546353812,14.162455300000001,28.628506499999997,5.886665246353811,8.579385953646185,1.8230996305657645,2.7107633576086956,0.034,600.708,600.674,13.32,13.10,13.69,0.14,2.08,33.77589999999999,29.072,34.317,4.703899999999994,0.5411000000000072,5.245000000000001,1.6528342291013005,0.008448008302242354,0.005612588857735842
ai370,3,OTAC_little_packed_full,ai370_OTAC_little_full,OTAC_little,5,packed,3,8,4,7,0,full,18.96016783020194,18.912,19.01,0.016107979561048518,1.4778953802183386,1.092,1.8926,0.13601142168582264,28.019670667282014,20.727252000000004,35.8136698,7.292418667282011,7.793999132717985,2.563289611454119,2.7107633576086956,0.053,815.087,815.034,19.01,18.79,19.74,0.19,2.08,52.7616,52.678,52.791,0.08360000000000412,0.02939999999999543,0.11299999999999955,0.038661493906872214,0.0075580716456050915,0.005127788391557497
ai370,3,2CATAC_loose_half,ai370_2CATAC_half,2CATAC,1,loose,1,4,2,4,2,half,0,0,0,0,0,0,0,0,0,0,0,0,0,0,2.7107633576086956,0,0,0,0,0,0,0,2.08,44.618900000000004,43.253,48.593,1.3659000000000034,3.9741,5.340000000000003,2.111952885101581,0.0,0.0
ai370,3,2CATAC_loose_full,ai370_2CATAC_full,2CATAC,1,loose,1,8,4,6,1,full,0,0,0,0,0,0,0,0,0,0,0,0,0,0,2.7107633576086956,0,0,0,0,0,0,0,2.08,54.391600000000004,45.6,69.248,8.791600000000003,14.8564,23.648000000000003,7.1763985272713375,0.0,0.0
ai370,3,FERTAC_loose_half,ai370_FERTAC_half,FERTAC,2,loose,1,4,2,4,2,half,0,0,0,0,0,0,0,0,0,0,0,0,0,0,2.7107633576086956,0,0,0,0,0,0,0,2.08,43.8832,42.856,47.898,1.0272000000000006,4.014800000000001,5.042000000000002,1.427768795475422,0.0,0.0
ai370,3,FERTAC_loose_full,ai370_FERTAC_full,FERTAC,2,loose,1,8,4,6,1,full,0,0,0,0,0,0,0,0,0,0,0,0,0,0,2.7107633576086956,0,0,0,0,0,0,0,2.08,52.0203,45.609,59.796,6.411299999999997,7.7757000000000005,14.186999999999998,4.347887023217906,0.0,0.0
ai370,3,HeRAD_loose_half,ai370_HeRAD_half,HeRAD,3,loose,1,4,2,4,2,half,0,0,0,0,0,0,0,0,0,0,0,0,0,0,2.7107633576086956,0,0,0,0,0,0,0,2.08,45.1429,42.956,52.484,2.1868999999999943,7.341100000000004,9.527999999999999,3.543388724872782,0.0,0.0
ai370,3,HeRAD_loose_full,ai370_HeRAD_full,HeRAD,3,loose,1,8,4,6,1,full,0,0,0,0,0,0,0,0,0,0,0,0,0,0,2.7107633576086956,0,0,0,0,0,0,0,2.08,53.0029,45.54,68.26,7.462899999999998,15.257100000000008,22.720000000000006,8.110958163017624,0.0,0.0
ai370,3,OTAC_big_loose_half,ai370_OTAC_big_half,OTAC_big,4,loose,1,4,2,0,2,half,0,0,0,0,0,0,0,0,0,0,0,0,0,0,2.7107633576086956,0,0,0,0,0,0,0,2.08,21.6705,21.468,22.802,0.20250000000000057,1.131499999999999,1.3339999999999996,0.4077077520861125,0.0,0.0
ai370,3,OTAC_big_loose_full,ai370_OTAC_big_full,OTAC_big,4,loose,1,8,4,0,4,full,0,0,0,0,0,0,0,0,0,0,0,0,0,0,2.7107633576086956,0,0,0,0,0,0,0,2.08,34.5498,34.245,36.409,0.3048000000000002,1.8592000000000013,2.1640000000000015,0.659387897978117,0.0,0.0
ai370,3,OTAC_little_loose_half,ai370_OTAC_little_half,OTAC_little,5,loose,1,4,2,4,0,half,0,0,0,0,0,0,0,0,0,0,0,0,0,0,2.7107633576086956,0,0,0,0,0,0,0,2.08,34.352700000000006,34.248,34.468,0.10470000000000823,0.11529999999999774,0.22000000000000597,0.08535422921241011,0.0,0.0
ai370,3,OTAC_little_loose_full,ai370_OTAC_little_full,OTAC_little,5,loose,1,8,4,7,0,full,0,0,0,0,0,0,0,0,0,0,0,0,0,0,2.7107633576086956,0,0,0,0,0,0,0,2.08,53.58829999999999,52.138,60.188,1.4502999999999915,6.599700000000013,8.050000000000004,2.400990492368608,0.0,0.0
ai370,3,2CATAC_distant_half,ai370_2CATAC_half,2CATAC,1,distant,4,4,2,4,2,half,18.93571168534187,18.883,18.999,0.019173920974485666,1.7618931854562085,1.3295,2.279,0.18169325444643014,33.36041066379145,25.2139675,43.10044799999999,8.14644316379145,9.740037336208545,3.4185082557486144,2.7107633576086956,0.053,1000.614,1000.561,23.14,22.90,23.29,0.12,2.08,56.62750000000001,56.559,56.671,0.06850000000001444,0.04349999999998744,0.11200000000000188,0.032935121408949844,0.008384360329646899,0.005815698732947771
ai370,3,2CATAC_distant_full,ai370_2CATAC_full,2CATAC,1,distant,4,8,4,6,1,full,18.937973307738012,18.898,18.995,0.014125345545097418,1.716370332282097,1.295,2.1398,0.11333876963058623,32.50362683832442,24.550609999999995,40.45933840000001,7.953016838324427,7.955711561675585,2.1324060523933293,2.7107633576086956,0.057,975.132,975.0749999999999,22.73,22.48,22.86,0.11,2.08,57.73750000000001,56.778,58.194,0.9595000000000127,0.45649999999999125,1.416000000000004,0.47223752262794466,0.00801197864755199,0.005602829357003679
ai370,3,FERTAC_distant_half,ai370_FERTAC_half,FERTAC,2,distant,4,4,2,4,2,half,18.933806408970735,18.879,18.999,0.019559577023287943,1.7870100191448628,1.33,2.3333,0.19087347924473286,33.83238468605616,25.22345,44.0667038,8.608934686056159,10.23431911394384,3.590586789727816,2.7107633576086956,0.057,1012.287,1012.23,23.27,23.05,23.44,0.10,2.08,56.6466,56.624,56.666,0.022599999999997067,0.01939999999999742,0.041999999999994486,0.014500574701253663,0.00850011296091824,0.0058463992543241776
ai370,3,FERTAC_distant_full,ai370_FERTAC_full,FERTAC,2,distant,4,8,4,6,1,full,18.93373653433231,18.898,18.985,0.011568129444937611,1.7643065603727899,1.3013,2.1827,0.0901282061679615,33.404291943387086,24.653128499999998,41.2945013,8.751163443387089,7.890209356612914,1.6943909293393071,2.7107633576086956,0.056,1000.823,1000.7669999999999,22.81,22.60,22.96,0.08,2.08,57.46210000000001,56.619,58.278,0.8431000000000068,0.8158999999999921,1.658999999999999,0.7550323686953944,0.00827345124766211,0.005649496276676278
ai370,3,HeRAD_distant_half,ai370_HeRAD_half,HeRAD,3,distant,4,4,2,4,2,half,18.93055739281788,18.871,18.988,0.015970094938187435,1.832503650604617,1.4809,2.3219,0.15003791782194761,34.688730914904724,28.023070699999998,43.8955195,6.665660214904726,9.206788585095275,2.820864205830996,2.7107633576086956,0.07,1040.253,1040.183,23.58,23.32,23.72,0.11,2.08,56.596500000000006,56.317,56.658,0.27950000000000585,0.061499999999995225,0.3410000000000011,0.10465950081627161,0.00872297789405571,0.005929528504412816
ai370,3,HeRAD_distant_full,ai370_HeRAD_full,HeRAD,3,distant,4,8,4,6,1,full,18.927744053326027,18.878,18.968,0.010109538778320814,1.8337866000091312,1.5482,2.3687,0.08827830249450551,34.70891906383144,29.33839,44.744743,5.370529063831437,10.035823936168562,1.6600789688251842,2.7107633576086956,0.06,1040.05,1039.99,23.24,23.08,23.49,0.12,2.08,60.019000000000005,58.293,64.519,1.7260000000000062,4.5,6.226000000000006,1.6858307546528326,0.008230349324654676,0.005510782918742398
ai370,3,OTAC_big_distant_half,ai370_OTAC_big_half,OTAC_big,4,distant,4,4,2,0,2,half,18.98786387586127,18.941,19.029,0.010069172950139182,1.1094749522320653,0.8598,1.6145,0.10145430734343955,21.06589876572289,16.3525362,30.598004000000003,4.713362565722889,9.532105234277115,1.9188591661562329,2.7107633576086956,0.035,495.941,495.90599999999995,13.67,13.57,13.82,0.06,2.08,27.778999999999996,27.733,27.849,0.04599999999999582,0.07000000000000384,0.11599999999999966,0.03926264835127085,0.01079268048647425,0.007003543684077902
ai370,3,OTAC_big_distant_full,ai370_OTAC_big_full,OTAC_big,4,distant,4,8,4,0,4,full,18.96648855989233,18.897,19.037,0.02137584303074206,1.4012853807954704,0.8208,1.9663,0.17827551836964384,26.575126664941756,15.6165408,37.1866656,10.958585864941757,10.611538935058242,3.3645638239973845,2.7107633576086956,0.044,778.534,778.49,17.33,17.25,17.42,0.04,2.08,38.178900000000006,38.15,38.206,0.028900000000007253,0.027099999999997237,0.05600000000000449,0.016434719346554844,0.009906445777522426,0.006460127452598161
ai370,3,OTAC_little_distant_half,ai370_OTAC_little_half,OTAC_little,5,distant,4,4,2,4,0,half,18.993358194752822,18.953,19.03,0.011380952383124561,1.0451542435089944,0.8231,1.4752,0.09433035623416092,19.85034161396982,15.660300600000001,27.9653664,4.19004101396982,8.11502478603018,1.7844230689345304,2.7107633576086956,0.032,595.447,595.415,13.14,12.97,13.61,0.17,2.08,34.1362,28.863,34.736,5.273200000000003,0.5997999999999948,5.8729999999999976,1.852858380389008,0.008275966916353268,0.005478303970564972
ai370,3,OTAC_little_distant_full,ai370_OTAC_little_full,OTAC_little,5,distant,4,8,4,7,0,full,18.957864197530863,18.905,19.008,0.016328272743617332,1.494300810896998,1.0667,1.9405,0.13849519142422956,28.327231102204912,20.247032700000002,36.7123195,8.08019840220491,8.385088397795087,2.6096943775129673,2.7107633576086956,0.043,848.014,847.971,19.00,18.79,19.80,0.21,2.08,52.4967,52.411,52.543,0.08569999999999567,0.04630000000000223,0.1319999999999979,0.04332320394430629,0.007679590394188212,0.005150952345576007
ai370,3,2CATAC_guided_half,ai370_2CATAC_half,2CATAC,1,guided,2,4,2,4,2,half,18.93628756642844,18.882,18.999,0.019760887885952275,1.7780269470404984,1.2358,2.2899,0.1873939150689107,33.666644846028035,23.4406544,43.3157484,10.225990446028035,9.649103553971962,3.524455641091275,2.7107633576086956,0.053,1006.203,1006.15,23.39,23.13,23.53,0.12,2.08,56.65409999999999,56.608,56.698,0.04609999999999559,0.04390000000000782,0.09000000000000341,0.027343290869162245,0.00845735241489444,0.005875770332597288
ai370,3,2CATAC_guided_full,ai370_2CATAC_full,2CATAC,1,guided,2,8,4,6,1,full,18.929377141290942,18.875,18.98,0.0115474517498109,1.8249079804485862,1.4445,2.3853,0.09892845530423226,34.54372222821251,27.3949425,45.0416199,7.14877972821251,10.497897671787491,1.860898236331692,2.7107633576086956,0.06,1035.706,1035.646,23.61,23.28,23.82,0.15,2.08,60.055499999999995,56.919,60.895,3.136499999999998,0.8395000000000081,3.976000000000006,1.2488051400349784,0.008186198678754161,0.00559511651722157
ai370,3,FERTAC_guided_half,ai370_FERTAC_half,FERTAC,2,guided,2,4,2,4,2,half,18.93133334856725,18.867,18.996,0.018895941541601628,1.8035250765504318,1.355,2.3356,0.17337965990417403,34.14101745304602,25.68267,44.1031348,8.458347453046017,9.962117346953981,3.260575705945819,2.7107633576086956,0.062,1023.596,1023.534,23.43,23.15,23.62,0.14,2.08,56.651599999999995,56.601,56.691,0.05059999999999576,0.03940000000000765,0.09000000000000341,0.02518023916575173,0.008576897393749708,0.005886078416143587
ai370,3,FERTAC_guided_full,ai370_FERTAC_full,FERTAC,2,guided,2,8,4,6,1,full,18.927201474872543,18.867,18.976,0.0113771216919346,1.8466051575018207,1.404,2.4048,0.10149387674705505,34.950405776661505,26.57772,45.522864,8.372685776661505,10.572458223338494,1.9090829047379803,2.7107633576086956,0.063,1047.173,1047.11,23.94,23.68,24.10,0.12,2.08,60.60769999999999,60.3,60.846,0.30769999999998987,0.2383000000000095,0.5459999999999994,0.18021964993369055,0.00820711188534537,0.005621630254901606
ai370,3,HeRAD_guided_half,ai370_HeRAD_half,HeRAD,3,guided,2,4,2,4,2,half,18.929766707686483,18.867,18.984,0.017028798638297933,1.8381439369556987,1.4501,2.3655,0.15641158603778646,34.79384340415089,27.488095599999998,44.7292395,7.305747804150894,9.935396095849107,2.939923889889817,2.7107633576086956,0.062,1003.397,1003.335,23.79,23.61,23.96,0.11,2.08,56.5988,56.518,56.671,0.08079999999999643,0.07220000000000226,0.1529999999999987,0.06193867935305136,0.008749054385037766,0.00598209290656339
ai370,3,HeRAD_guided_full,ai370_HeRAD_full,HeRAD,3,guided,2,8,4,6,1,full,18.93379760599415,18.897,18.98,0.011646691546341056,1.763580317982456,1.4549,2.247,0.0918365863471812,33.390623352640716,27.592178500000003,42.463806,5.7984448526407135,9.073182647359282,1.726306292857537,2.7107633576086956,0.057,1000.415,1000.358,23.05,22.72,23.22,0.17,2.08,58.25129999999999,57.089,58.685,1.1622999999999948,0.43370000000000886,1.5960000000000036,0.44505531491415073,0.008158021392737719,0.005631592771320125
ai370,3,OTAC_big_guided_half,ai370_OTAC_big_half,OTAC_big,4,guided,2,4,2,0,2,half,18.985925086952644,18.941,19.029,0.01062723848128737,1.1432403906180326,0.8627,1.5966,0.11092476654531741,21.704697989191118,16.3973389,30.2523768,5.307359089191117,8.547678810808883,2.0977008525516494,2.7107633576086956,0.037,330.191,330.154,13.78,13.73,13.87,0.03,2.08,27.7555,27.698,27.825,0.057500000000000995,0.0694999999999979,0.1269999999999989,0.03889372985742353,0.011129371179844283,0.007065877393669723
ai370,3,OTAC_big_guided_full,ai370_OTAC_big_full,OTAC_big,4,guided,2,8,4,0,4,full,18.948158433406114,18.882,19.048,0.01876267307565091,1.608863482532751,0.5665,2.2483,0.16736251119220907,30.48287105945233,10.7844605,42.470387,19.698410559452327,11.987515940547674,3.1530924868682417,2.7107633576086956,0.047,913.073,913.026,19.97,16.78,20.57,0.80,2.08,45.52749999999999,45.02,45.727,0.5074999999999861,0.19950000000000756,0.7069999999999936,0.2253245806978587,0.009529014791458472,0.006242667398824887
ai370,3,OTAC_little_guided_half,ai370_OTAC_little_half,OTAC_little,5,guided,2,4,2,4,0,half,18.99178295278814,18.949,19.029,0.011607331544582081,1.068152064950423,0.799,1.5871,0.09759673338114608,20.285446005662696,15.169015,30.073957900000003,5.116431005662696,9.788511894337308,1.8461401224837821,2.7107633576086956,0.033,608.492,608.459,13.30,13.09,13.66,0.15,2.08,34.7062,34.675,34.733,0.031200000000005446,0.026799999999994384,0.05799999999999983,0.018035766933759474,0.008318469540099219,0.005453941946972012
ai370,3,OTAC_little_guided_full,ai370_OTAC_little_full,OTAC_little,5,guided,2,8,4,7,0,full,18.95781158653846,18.912,19.011,0.01662859145374258,1.493794125,1.0891,1.9341,0.14005475061891076,28.317490172629807,20.671118,36.598974299999995,7.646372172629807,8.281484127370188,2.638858607547443,2.7107633576086956,0.05,801.147,801.0970000000001,19.15,18.89,20.05,0.22,2.08,52.4996,52.421,52.568,0.07860000000000156,0.06839999999999691,0.14699999999999847,0.057089014315852046,0.007676525538039669,0.005191330981569383
ai370,3,OS_R1_os_unknown,ai370_OS_R1_unknown,OS_R1,6,os,5,0,0,0,0,unknown,18.93933438255554,18.848,19.0,0.024610010143517748,1.7295090871766798,1.1944,2.5367,0.2212459878156805,32.752023285543544,22.6828504,47.8117216,10.069172885543544,15.059698314456455,4.16052389501399,2.7107633576086956,0.049,980.748,980.6990000000001,22.20,20.67,23.16,0.43,2.08,49.30313333333335,42.444,52.806,6.859133333333347,3.502866666666648,10.361999999999995,4.311672477401427,0.009454303689958627,0.006408322932822387
ai370,3,OS_R2_os_unknown,ai370_OS_R2_unknown,OS_R2,7,os,5,0,0,0,0,unknown,18.91304547735255,18.818,18.984,0.027649921977151257,2.030190662774255,1.3041,2.9619,0.2599411084271165,38.3921008951056,24.757034400000002,55.9591767,13.635066495105598,17.5670758048944,4.876276267169332,2.7107633576086956,0.067,1149.563,1149.496,26.09,22.30,28.06,1.18,2.08,29.013933333333334,24.54,33.56,4.473933333333335,4.546066666666668,9.020000000000003,2.408101637231721,0.018832206363120118,0.012797743612838888
ai370,3,OS_R3_os_unknown,ai370_OS_R3_unknown,OS_R3,8,os,5,0,0,0,0,unknown,18.938823427608508,18.84,19.01,0.026131320156031583,1.723716842009382,1.1103,2.6418,0.2530448999137765,32.64023827637656,21.073494,49.7794374,11.566744276376557,17.139199123623442,4.7575284386183645,2.7107633576086956,0.061,977.621,977.56,26.57,23.83,29.00,1.57,2.08,19.625600000000006,15.955,23.069,3.6706000000000056,3.4433999999999934,7.113999999999999,2.2887887564012046,0.023669893972637322,0.019267907223218646
ai370,3,OS_R1_lavd_unknown,ai370_OS_R1_unknown,OS_R1,6,lavd,6,0,0,0,0,unknown,0,0,0,0,0,0,0,0,0,0,0,0,0,0,2.7107633576086956,0,0,0,0,0,0,0,2.08,0.0,100000,0,-100000.0,0.0,-100000,0,nan,nan
ai370,3,OS_R2_lavd_unknown,ai370_OS_R2_unknown,OS_R2,7,lavd,6,0,0,0,0,unknown,0,0,0,0,0,0,0,0,0,0,0,0,0,0,2.7107633576086956,0,0,0,0,0,0,0,2.08,0.0,100000,0,-100000.0,0.0,-100000,0,nan,nan
ai370,3,OS_R3_lavd_unknown,ai370_OS_R3_unknown,OS_R3,8,lavd,6,0,0,0,0,unknown,0,0,0,0,0,0,0,0,0,0,0,0,0,0,2.7107633576086956,0,0,0,0,0,0,0,2.08,0.0,100000,0,-100000.0,0.0,-100000,0,nan,nan
ai370,3,OS_R1_bpfland_unknown,ai370_OS_R1_unknown,OS_R1,6,bpfland,7,0,0,0,0,unknown,0,0,0,0,0,0,0,0,0,0,0,0,0,0,2.7107633576086956,0,0,0,0,0,0,0,2.08,0.0,100000,0,-100000.0,0.0,-100000,0,nan,nan
ai370,3,OS_R2_bpfland_unknown,ai370_OS_R2_unknown,OS_R2,7,bpfland,7,0,0,0,0,unknown,0,0,0,0,0,0,0,0,0,0,0,0,0,0,2.7107633576086956,0,0,0,0,0,0,0,2.08,0.0,100000,0,-100000.0,0.0,-100000,0,nan,nan
ai370,3,OS_R3_bpfland_unknown,ai370_OS_R3_unknown,OS_R3,8,bpfland,7,0,0,0,0,unknown,0,0,0,0,0,0,0,0,0,0,0,0,0,0,2.7107633576086956,0,0,0,0,0,0,0,2.08,0.0,100000,0,-100000.0,0.0,-100000,0,nan,nan
